SMILES,CatalogID,MW,LOGP,Rotating_bonds,HB_acceptors,HB_donors,fp_similarity,ID,mol_prepared,aligned_mol,RMSD
c1ccc(Nc2nc(N[C@H]3CC[C@H](Oc4cnccn4)CC3)nc3[nH]cnc23)cc1,s_27____12806124____10803818,402.5,2.752762,6,8,3,0.808511,1261,<rdkit.Chem.rdchem.Mol object at 0x177c52c00>,<rdkit.Chem.rdchem.Mol object at 0x177ce2de0>,5.815457094648368
c1ccc(Nc2nc(N[C@H]3C[C@@H](Oc4ccccc4)C3)nc3[nH]cnc23)cc1,s_27____12060302____10803818,372.4,3.558924,6,6,3,0.765957,1193,<rdkit.Chem.rdchem.Mol object at 0x177c52d50>,<rdkit.Chem.rdchem.Mol object at 0x177ce2930>,4.923074296551615
c1ccc(Nc2nc(NCCCOc3ccncc3)nc3[nH]cnc23)cc1,s_27____8925170____10803818,361.4,2.333283,8,7,3,0.765957,1366,<rdkit.Chem.rdchem.Mol object at 0x177c527a0>,<rdkit.Chem.rdchem.Mol object at 0x177c24ef0>,4.717694628401998
c1ccc(Nc2nc(N[C@H]3C[C@@H](COc4ccccc4)C3)nc3[nH]cnc23)cc1,s_27____16536078____10803818,386.5,4.019525,7,6,3,0.765957,572,<rdkit.Chem.rdchem.Mol object at 0x177c52b90>,<rdkit.Chem.rdchem.Mol object at 0x177ce2b10>,5.7905868493947015
COc1ccc(OCCNc2nc(Nc3ccccc3)c3[nH]cnc3n2)cn1,s_27____25521510____10803818,377.4,2.710109,8,8,3,0.765957,1116,<rdkit.Chem.rdchem.Mol object at 0x177c52ce0>,<rdkit.Chem.rdchem.Mol object at 0x177ce1f80>,5.050691674958492
COc1ccc(OCCCNc2nc(Nc3ccccc3)c3[nH]cnc3n2)cc1,s_27____1323026____10803818,390.4,3.393284,9,7,3,0.765957,1088,<rdkit.Chem.rdchem.Mol object at 0x177c53b50>,<rdkit.Chem.rdchem.Mol object at 0x177c57240>,5.3131030957472705
COc1ccccc1OCC(C)Nc1nc(Nc2ccccc2)c2[nH]cnc2n1,s_27____2087944____10803818,390.4,3.749899,8,7,3,0.765957,1053,<rdkit.Chem.rdchem.Mol object at 0x177c53c30>,<rdkit.Chem.rdchem.Mol object at 0x177c04f40>,4.65964449095757
COc1ccccc1OCCCNc1nc(Nc2ccccc2)c2[nH]cnc2n1,s_27____3365314____10803818,390.4,3.393284,9,7,3,0.765957,1169,<rdkit.Chem.rdchem.Mol object at 0x177c53d10>,<rdkit.Chem.rdchem.Mol object at 0x177ce3420>,4.702133704071571
COc1cc(OC)cc(OCCCNc2nc(Nc3ccccc3)c3[nH]cnc3n2)c1,s_27____6887428____10803818,420.5,3.235612,10,8,3,0.765957,198,<rdkit.Chem.rdchem.Mol object at 0x177c53ca0>,<rdkit.Chem.rdchem.Mol object at 0x177c24b80>,4.814727873558591
c1ccc(Nc2nc(N[C@H]3CC[C@@H](Oc4ccccc4)CC3)nc3[nH]cnc23)cc1,s_27____23466166____10803818,400.5,4.593649,6,6,3,0.765957,202,<rdkit.Chem.rdchem.Mol object at 0x177c53bc0>,<rdkit.Chem.rdchem.Mol object at 0x177c24bd0>,6.028605295350946
c1ccc(Nc2nc(NC3COc4ccccc4OC3)nc3[nH]cnc23)cc1,s_27____25523548____10803818,374.4,3.221566,4,7,3,0.765957,1173,<rdkit.Chem.rdchem.Mol object at 0x177c52650>,<rdkit.Chem.rdchem.Mol object at 0x177ce16c0>,5.004103511205301
c1ccc(Nc2nc(N[C@H]3CCC[C@H]3Oc3ccccc3)nc3[nH]cnc23)cc1,s_27____25526428____10803818,386.5,4.460896,6,6,3,0.765957,515,<rdkit.Chem.rdchem.Mol object at 0x177c53ae0>,<rdkit.Chem.rdchem.Mol object at 0x177c2eac0>,5.825439429406078
c1ccc(Nc2nc(NCCC3COc4ccccc4O3)nc3[nH]cnc23)cc1,s_27____11244338____10803818,388.4,3.281526,6,7,3,0.765957,783,<rdkit.Chem.rdchem.Mol object at 0x177c53290>,<rdkit.Chem.rdchem.Mol object at 0x177ce1670>,5.221010732767906
c1ccc(Nc2nc(NC3CCCCC3Oc3ccccc3)nc3[nH]cnc23)cc1,s_27____25526570____10803818,400.5,4.905464,6,6,3,0.765957,74,<rdkit.Chem.rdchem.Mol object at 0x177c53530>,<rdkit.Chem.rdchem.Mol object at 0x1741f2c00>,6.084007273471346
c1ccc(Nc2nc(NCC3COc4ccccc4O3)nc3[nH]cnc23)cc1,s_27____419562____10803818,374.4,3.221566,5,7,3,0.765957,789,<rdkit.Chem.rdchem.Mol object at 0x177c53610>,<rdkit.Chem.rdchem.Mol object at 0x177c257b0>,4.963720644937814
CC1(CNc2nc(Nc3ccccc3)c3[nH]cnc3n2)COc2ccccc2O1,s_27____12210936____10803818,388.4,3.502143,5,7,3,0.765957,140,<rdkit.Chem.rdchem.Mol object at 0x177c53140>,<rdkit.Chem.rdchem.Mol object at 0x1741c3d80>,5.202134261729714
c1ccc(Nc2nc(NCCCOc3ccccc3)nc3[nH]cnc23)cc1,s_27____140438____10803818,360.4,3.550955,8,6,3,0.765957,632,<rdkit.Chem.rdchem.Mol object at 0x177c533e0>,<rdkit.Chem.rdchem.Mol object at 0x177c076a0>,4.60205335416074
c1ccc(Nc2nc(NCCCCOc3ccccc3)nc3[nH]cnc23)cc1,s_27____141186____10803818,374.4,4.068318,9,6,3,0.765957,244,<rdkit.Chem.rdchem.Mol object at 0x177c534c0>,<rdkit.Chem.rdchem.Mol object at 0x177ce31f0>,5.188933218733171
COc1ccc(OC(C)CNc2nc(Nc3ccccc3)c3[nH]cnc3n2)cc1,s_27____6107736____10803818,390.4,3.749899,8,7,3,0.765957,1213,<rdkit.Chem.rdchem.Mol object at 0x177c535a0>,<rdkit.Chem.rdchem.Mol object at 0x177c57880>,5.198121622776904
CC(CNc1nc(Nc2ccccc2)c2[nH]cnc2n1)COc1ccccc1,s_27____25541652____10803818,374.4,4.030279,8,6,3,0.765957,919,<rdkit.Chem.rdchem.Mol object at 0x177c53680>,<rdkit.Chem.rdchem.Mol object at 0x177ce3470>,5.444895613672895
C[C@H](CCOc1ccccc1)Nc1nc(Nc2ccccc2)c2[nH]cnc2n1,s_27____25526540____10803818,374.4,3.96753,8,6,3,0.765957,803,<rdkit.Chem.rdchem.Mol object at 0x177c53760>,<rdkit.Chem.rdchem.Mol object at 0x177c244f0>,4.7005334666025815
OC(CNc1nc(Nc2ccccc2)c2[nH]cnc2n1)COc1ccccc1,s_27____654196____10803818,376.4,2.86066,8,7,4,0.765957,5,<rdkit.Chem.rdchem.Mol object at 0x177c53d80>,<rdkit.Chem.rdchem.Mol object at 0x177ce22f0>,5.1619702757170325
CC(CCCOc1cccnc1)Nc1nc(Nc2ccccc2)c2[nH]cnc2n1,s_27____25557144____10803818,389.5,3.26722,9,7,3,0.765957,607,<rdkit.Chem.rdchem.Mol object at 0x177c53e60>,<rdkit.Chem.rdchem.Mol object at 0x177c57a60>,4.932096944373256
Cc1ccc(OCCCNc2nc(Nc3ccccc3)c3[nH]cnc3n2)nc1,s_27____25525190____10803818,375.4,3.441161,8,7,3,0.76,306,<rdkit.Chem.rdchem.Mol object at 0x177c53df0>,<rdkit.Chem.rdchem.Mol object at 0x177c57380>,5.122342035534879
c1ccc(Nc2nc(N3CCC[C@H]3COc3ccccc3)nc3[nH]cnc23)cc1,s_27____10690756____10803818,386.5,4.591826,6,6,2,0.734694,332,<rdkit.Chem.rdchem.Mol object at 0x17542b1b0>,<rdkit.Chem.rdchem.Mol object at 0x177ce2d40>,5.295517171245083
c1ccc(Nc2nc(N3CCC(COc4ccccc4)C3)nc3[nH]cnc23)cc1,s_27____8600894____10803818,386.5,4.192011,6,6,2,0.734694,1350,<rdkit.Chem.rdchem.Mol object at 0x17542a0a0>,<rdkit.Chem.rdchem.Mol object at 0x177ce3880>,5.099118476892077
c1ccc(Nc2nc(N[C@H]3COC[C@H]3Oc3ccccc3)nc3[nH]cnc23)cc1,s_27____17070036____10803818,388.4,3.392029,6,7,3,0.734694,750,<rdkit.Chem.rdchem.Mol object at 0x17542b220>,<rdkit.Chem.rdchem.Mol object at 0x177cbc270>,5.663617898006709
c1ccc(Nc2nc(N3CCCC(COc4ccccc4)C3)nc3[nH]cnc23)cc1,s_27____19127738____10803818,400.5,4.63658,6,6,2,0.734694,428,<rdkit.Chem.rdchem.Mol object at 0x17542a500>,<rdkit.Chem.rdchem.Mol object at 0x177cbc3b0>,4.633129809537346
c1ccc(Nc2nc(N3CCC(COc4cccnc4)CC3)nc3[nH]cnc23)cc1,s_27____25524408____10803818,401.5,3.377351,6,7,2,0.734694,671,<rdkit.Chem.rdchem.Mol object at 0x17542b370>,<rdkit.Chem.rdchem.Mol object at 0x177cbc180>,4.866734393012474
c1ccc(Nc2nc(N3CCC[C@@H]3COc3ccccc3)nc3[nH]cnc23)cc1,s_27____17551962____10803818,386.5,4.591826,6,6,2,0.734694,1020,<rdkit.Chem.rdchem.Mol object at 0x177c70040>,<rdkit.Chem.rdchem.Mol object at 0x177cbc360>,5.295481759108101
Oc1ccc(OCCNc2nc(Nc3ccccc3)c3[nH]cnc3n2)cc1,s_27____25544004____10803818,362.4,3.18743,7,7,4,0.723404,911,<rdkit.Chem.rdchem.Mol object at 0x177c70120>,<rdkit.Chem.rdchem.Mol object at 0x177cbc450>,5.037607008259838
Cc1cccc(OCC(C)Nc2nc(Nc3ccccc3)c3[nH]cnc3n2)c1,s_27____1671936____10803818,374.4,4.420992,7,6,3,0.72,625,<rdkit.Chem.rdchem.Mol object at 0x177c70200>,<rdkit.Chem.rdchem.Mol object at 0x177cbc4a0>,5.095684193474414
Cc1ccc(OCCCNc2nc(Nc3ccccc3)c3[nH]cnc3n2)cc1,s_27____2562700____10803818,374.4,4.064376,8,6,3,0.72,167,<rdkit.Chem.rdchem.Mol object at 0x177c702e0>,<rdkit.Chem.rdchem.Mol object at 0x177cbc400>,5.090440322745804
Cc1ccccc1OC(C)CNc1nc(Nc2ccccc2)c2[nH]cnc2n1,s_27____6010504____10803818,374.4,4.420992,7,6,3,0.72,735,<rdkit.Chem.rdchem.Mol object at 0x177c703c0>,<rdkit.Chem.rdchem.Mol object at 0x177cbc680>,4.585289905712574
Cc1ccc(OCCNc2nc(Nc3ccccc3)c3[nH]cnc3n2)nc1,s_27____25522668____10803818,361.4,3.381202,7,7,3,0.72,599,<rdkit.Chem.rdchem.Mol object at 0x177c704a0>,<rdkit.Chem.rdchem.Mol object at 0x177cbc540>,5.134142481446618
Cc1ccc(OC(C)CNc2nc(Nc3ccccc3)c3[nH]cnc3n2)cc1,s_27____6079216____10803818,374.4,4.420992,7,6,3,0.72,1103,<rdkit.Chem.rdchem.Mol object at 0x177c70580>,<rdkit.Chem.rdchem.Mol object at 0x177c6e660>,5.031734223643939
Cc1ccc(OCC(C)Nc2nc(Nc3ccccc3)c3[nH]cnc3n2)cc1,s_27____2163278____10803818,374.4,4.420992,7,6,3,0.72,788,<rdkit.Chem.rdchem.Mol object at 0x177c70660>,<rdkit.Chem.rdchem.Mol object at 0x177bba340>,5.097981174319227
Cc1ccccc1OCC(C)Nc1nc(Nc2ccccc2)c2[nH]cnc2n1,s_27____1671930____10803818,374.4,4.420992,7,6,3,0.72,272,<rdkit.Chem.rdchem.Mol object at 0x177c70740>,<rdkit.Chem.rdchem.Mol object at 0x177cbc8b0>,4.667305147624603
Cc1cc(C)cc(OCC(C)Nc2nc(Nc3ccccc3)c3[nH]cnc3n2)c1,s_27____25526476____10803818,388.5,4.934413,7,6,3,0.72,1150,<rdkit.Chem.rdchem.Mol object at 0x177c70820>,<rdkit.Chem.rdchem.Mol object at 0x177cbc7c0>,4.874645358561979
Cc1cccc(C)c1OCC(C)Nc1nc(Nc2ccccc2)c2[nH]cnc2n1,s_27____19505120____10803818,388.5,4.934413,7,6,3,0.72,270,<rdkit.Chem.rdchem.Mol object at 0x177c70900>,<rdkit.Chem.rdchem.Mol object at 0x177cbc9a0>,4.593969107009888
Clc1cncc(OCCCNc2nc(Nc3ccccc3)c3[nH]cnc3n2)n1,s_27____25541468____10803818,396.8,2.53429,8,8,3,0.716981,1400,<rdkit.Chem.rdchem.Mol object at 0x177c709e0>,<rdkit.Chem.rdchem.Mol object at 0x177cbc770>,5.249154280310766
CC(COc1ccc(Cl)cc1)Nc1nc(Nc2ccccc2)c2[nH]cnc2n1,s_27____25545806____10803818,394.9,4.511615,7,6,3,0.705882,546,<rdkit.Chem.rdchem.Mol object at 0x177c70ac0>,<rdkit.Chem.rdchem.Mol object at 0x177cbcae0>,4.75649279088508
CC(COc1ccc(F)cc1)Nc1nc(Nc2ccccc2)c2[nH]cnc2n1,s_27____1199228____10803818,378.4,4.050272,7,6,3,0.705882,1069,<rdkit.Chem.rdchem.Mol object at 0x177c70ba0>,<rdkit.Chem.rdchem.Mol object at 0x177cbc950>,4.718558267510588
C[C@@H](COc1c(F)cccc1F)Nc1nc(Nc2ccccc2)c2[nH]cnc2n1,s_27____11984638____10803818,396.4,4.192974,7,6,3,0.705882,367,<rdkit.Chem.rdchem.Mol object at 0x177c70c80>,<rdkit.Chem.rdchem.Mol object at 0x177cbcc20>,4.6334156027857265
CC(COc1cccc(F)c1)Nc1nc(Nc2ccccc2)c2[nH]cnc2n1,s_27____1671938____10803818,378.4,4.050272,7,6,3,0.705882,426,<rdkit.Chem.rdchem.Mol object at 0x177c70d60>,<rdkit.Chem.rdchem.Mol object at 0x177cbc860>,4.672273446918385
CC(COc1ccccc1Cl)Nc1nc(Nc2ccccc2)c2[nH]cnc2n1,s_27____25541756____10803818,394.9,4.511615,7,6,3,0.705882,1247,<rdkit.Chem.rdchem.Mol object at 0x177c70e40>,<rdkit.Chem.rdchem.Mol object at 0x177cbcd60>,4.58001725313911
CC(CNc1nc(Nc2ccccc2)c2[nH]cnc2n1)Oc1ccc(Cl)cc1,s_27____6201730____10803818,394.9,4.511615,7,6,3,0.705882,595,<rdkit.Chem.rdchem.Mol object at 0x177c70f20>,<rdkit.Chem.rdchem.Mol object at 0x177cbca90>,5.331963394709269
Clc1ccc(OCCNc2nc(Nc3ccccc3)c3[nH]cnc3n2)nc1,s_27____7105934____10803818,381.8,3.471825,7,7,3,0.705882,819,<rdkit.Chem.rdchem.Mol object at 0x177c71000>,<rdkit.Chem.rdchem.Mol object at 0x177cbcea0>,5.171688768206519
CC(CNc1nc(Nc2ccccc2)c2[nH]cnc2n1)Oc1ccc(F)cc1,s_27____6079814____10803818,378.4,4.050272,7,6,3,0.705882,408,<rdkit.Chem.rdchem.Mol object at 0x177c710e0>,<rdkit.Chem.rdchem.Mol object at 0x177cbcbd0>,5.331902329855591
OC(CNc1nc(Nc2ccccc2)c2[nH]cnc2n1)COc1ccc(F)cc1,s_27____1323120____10803818,394.4,3.003362,8,7,4,0.705882,1340,<rdkit.Chem.rdchem.Mol object at 0x177c711c0>,<rdkit.Chem.rdchem.Mol object at 0x177cbcfe0>,5.011493229779943
Fc1ccc(OCCCNc2nc(Nc3ccccc3)c3[nH]cnc3n2)cc1,s_27____2262016____10803818,378.4,3.693657,8,6,3,0.705882,110,<rdkit.Chem.rdchem.Mol object at 0x177c712a0>,<rdkit.Chem.rdchem.Mol object at 0x177cbcd10>,5.060830037698978
CC(COc1ccccc1F)Nc1nc(Nc2ccccc2)c2[nH]cnc2n1,s_27____1671934____10803818,378.4,4.050272,7,6,3,0.705882,307,<rdkit.Chem.rdchem.Mol object at 0x177c71380>,<rdkit.Chem.rdchem.Mol object at 0x177cbd120>,4.562646003422464
CC(COc1ccc(F)cc1F)Nc1nc(Nc2ccccc2)c2[nH]cnc2n1,s_27____1671932____10803818,396.4,4.192974,7,6,3,0.705882,1365,<rdkit.Chem.rdchem.Mol object at 0x177c71460>,<rdkit.Chem.rdchem.Mol object at 0x177cbce50>,4.799946922739383
CC(COc1cccc(Cl)c1)Nc1nc(Nc2ccccc2)c2[nH]cnc2n1,s_27____25545808____10803818,394.9,4.511615,7,6,3,0.705882,508,<rdkit.Chem.rdchem.Mol object at 0x177c71540>,<rdkit.Chem.rdchem.Mol object at 0x177cbd260>,4.685142540095562
c1ccc(Nc2nc(NCc3ccc(OC4CCNC4)nc3)nc3[nH]cnc23)cc1,s_270166____16815796____17625750,402.5,2.177195,7,8,4,0.703704,721,<rdkit.Chem.rdchem.Mol object at 0x177c71620>,<rdkit.Chem.rdchem.Mol object at 0x177cbcf90>,4.862644376210472
C=CCCCCC(O)CNc1nc(Nc2ccccc2)c2[nH]cnc2n1,s_27____25524520____10803818,352.4,3.570228,10,6,4,0.702128,425,<rdkit.Chem.rdchem.Mol object at 0x177c71700>,<rdkit.Chem.rdchem.Mol object at 0x177c574c0>,5.131317845444689
c1ccc(Nc2nc(NC3COc4ccccc4C3)nc3[nH]cnc23)cc1,s_27____25523550____10803818,358.4,3.590651,4,6,3,0.692308,106,<rdkit.Chem.rdchem.Mol object at 0x177c717e0>,<rdkit.Chem.rdchem.Mol object at 0x177cbd0d0>,5.045710174786669
c1ccc(Nc2nc(NC[C@H]3CCc4ccccc4O3)nc3[nH]cnc23)cc1,s_27____21415768____10803818,372.4,4.035219,5,6,3,0.692308,1146,<rdkit.Chem.rdchem.Mol object at 0x177c718c0>,<rdkit.Chem.rdchem.Mol object at 0x177ce13a0>,4.747787473934488
c1ccc(Nc2nc(NCc3ccnc(OC4CCC4)c3)nc3[nH]cnc23)cc1,s_27____18539502____10803818,387.4,3.700666,7,7,3,0.692308,672,<rdkit.Chem.rdchem.Mol object at 0x177c719a0>,<rdkit.Chem.rdchem.Mol object at 0x1741c3b00>,4.77958463620976
c1ccc(Nc2nc(NCc3ccc(OC4CCCC4)nc3)nc3[nH]cnc23)cc1,s_27____885670____10803818,401.5,4.145234,7,7,3,0.692308,854,<rdkit.Chem.rdchem.Mol object at 0x177c71a80>,<rdkit.Chem.rdchem.Mol object at 0x177cbd530>,4.764574694304196
c1ccc(Nc2nc(N[C@H]3C[C@@]34CCOc3ccccc34)nc3[nH]cnc23)cc1,s_27____16013714____10803818,384.4,3.558084,4,6,3,0.692308,611,<rdkit.Chem.rdchem.Mol object at 0x177c71b60>,<rdkit.Chem.rdchem.Mol object at 0x177cbd4e0>,5.30752246663106
CC(C)c1ccc(OCCNc2nc(Nc3ccccc3)c3[nH]cnc3n2)cc1,s_27____802904____10803818,388.5,4.736004,8,6,3,0.692308,692,<rdkit.Chem.rdchem.Mol object at 0x177c71cb0>,<rdkit.Chem.rdchem.Mol object at 0x177cbd620>,5.131874491223188
c1ccc(Nc2nc(NCc3ccnc(OCC4CC4)c3)nc3[nH]cnc23)cc1,s_27____4509596____10803818,387.4,3.57111,8,7,3,0.692308,302,<rdkit.Chem.rdchem.Mol object at 0x177c71d90>,<rdkit.Chem.rdchem.Mol object at 0x177cbd210>,5.193604859450196
c1ccc(Nc2nc(NCc3ccc(OC4CCCCC4)nc3)nc3[nH]cnc23)cc1,s_27____2536028____10803818,415.5,4.589803,7,7,3,0.692308,713,<rdkit.Chem.rdchem.Mol object at 0x177c71e70>,<rdkit.Chem.rdchem.Mol object at 0x177ce1300>,4.5931555164198725
CC(C)Oc1ccc(CNc2nc(Nc3ccccc3)c3[nH]cnc3n2)cn1,s_27____803114____10803818,375.4,3.563916,7,7,3,0.692308,826,<rdkit.Chem.rdchem.Mol object at 0x177c71f50>,<rdkit.Chem.rdchem.Mol object at 0x177cbd5d0>,5.198301718411934
C[C@H]1c2ccccc2O[C@H]1CNc1nc(Nc2ccccc2)c2[nH]cnc2n1,s_27____13712244____10803818,372.4,3.955624,5,6,3,0.692308,523,<rdkit.Chem.rdchem.Mol object at 0x177c72030>,<rdkit.Chem.rdchem.Mol object at 0x177cbd800>,4.471369328560408
CC(Nc1nc(Nc2ccccc2)c2[nH]cnc2n1)C1COc2ccccc21,s_27____7794114____10803818,372.4,3.607412,5,6,3,0.692308,981,<rdkit.Chem.rdchem.Mol object at 0x177c72110>,<rdkit.Chem.rdchem.Mol object at 0x177ce33d0>,5.028229197139484
CC(C)(C)Oc1ccc(CNc2nc(Nc3ccccc3)c3[nH]cnc3n2)cn1,s_27____8376184____10803818,389.5,3.844492,7,7,3,0.692308,33,<rdkit.Chem.rdchem.Mol object at 0x177c721f0>,<rdkit.Chem.rdchem.Mol object at 0x177cbd940>,5.083369408959638
CCCOc1ccc(CNc2nc(Nc3ccccc3)c3[nH]cnc3n2)cn1,s_27____4146616____10803818,375.4,3.669863,8,7,3,0.692308,775,<rdkit.Chem.rdchem.Mol object at 0x177c722d0>,<rdkit.Chem.rdchem.Mol object at 0x177cbd490>,5.3217137788016275
c1ccc(Nc2nc(NCCCc3ccc4c(c3)OCCO4)nc3[nH]cnc23)cc1,s_27____7048798____10803818,402.5,3.817781,7,7,3,0.692308,811,<rdkit.Chem.rdchem.Mol object at 0x177c723b0>,<rdkit.Chem.rdchem.Mol object at 0x177cbda80>,4.961676244738883
c1ccc(Nc2nc(NCCC3CCOc4ccccc43)nc3[nH]cnc23)cc1,s_27____14410912____10803818,386.5,3.960464,6,6,3,0.692308,1385,<rdkit.Chem.rdchem.Mol object at 0x177c72490>,<rdkit.Chem.rdchem.Mol object at 0x177cbd7b0>,5.202458582278427
CCOc1ccccc1CCCNc1nc(Nc2ccccc2)c2[nH]cnc2n1,s_27____25525286____10803818,388.5,4.503785,9,6,3,0.692308,510,<rdkit.Chem.rdchem.Mol object at 0x177c72570>,<rdkit.Chem.rdchem.Mol object at 0x177cbdbc0>,4.591084698906308
CC(C)COc1ccc(CCNc2nc(Nc3ccccc3)c3[nH]cnc3n2)cc1,s_27____4003554____10803818,402.5,4.946712,9,6,3,0.692308,478,<rdkit.Chem.rdchem.Mol object at 0x177c72650>,<rdkit.Chem.rdchem.Mol object at 0x177cbdd00>,4.996158980605321
CNc1nc(NCc2ccccc2OCC2CCCCC2)nc2[nH]cnc12,s_27____14946364____23832304,366.5,3.560883,7,6,3,0.68,835,<rdkit.Chem.rdchem.Mol object at 0x177c72730>,<rdkit.Chem.rdchem.Mol object at 0x177cbdd50>,5.006663194217857
Fc1ccc(OCCN2CCC(Nc3nc(Nc4ccccc4)c4[nH]cnc4n3)CC2)cc1,s_27____6894020____10803818,447.5,3.660503,8,7,3,0.679245,1214,<rdkit.Chem.rdchem.Mol object at 0x177c72810>,<rdkit.Chem.rdchem.Mol object at 0x177cbddf0>,6.112091322488023
c1ccc(Nc2nc(NCC3COc4cscc4O3)nc3[nH]cnc23)cc1,s_27____25546064____10803818,380.4,3.002008,5,7,3,0.679245,223,<rdkit.Chem.rdchem.Mol object at 0x177c728f0>,<rdkit.Chem.rdchem.Mol object at 0x177c6ea70>,4.593590034598566
Clc1cncc(OCCNc2nc(Nc3ccccc3)c3[nH]cnc3n2)n1,s_27____25528582____10803818,382.8,2.47433,7,8,3,0.679245,1323,<rdkit.Chem.rdchem.Mol object at 0x177c729d0>,<rdkit.Chem.rdchem.Mol object at 0x177cbde90>,4.952390937137007
CC(C)Oc1ccc2c(c1)CCC2Nc1nc(Nc2ccccc2)c2[nH]cnc2n1,s_27____16976830____10803818,400.5,4.731355,6,6,3,0.666667,371,<rdkit.Chem.rdchem.Mol object at 0x177c72ab0>,<rdkit.Chem.rdchem.Mol object at 0x177cbdf80>,5.169392707296143
CC(Nc1nc(Nc2ccccc2)c2[nH]cnc2n1)c1ccc2c(c1)OCCCO2,s_27____1671922____10803818,402.5,3.561086,5,7,3,0.666667,234,<rdkit.Chem.rdchem.Mol object at 0x177c72b90>,<rdkit.Chem.rdchem.Mol object at 0x177cbdcb0>,5.121675728875876
CC(C)Oc1cnc(CNc2nc(Nc3ccccc3)c3[nH]cnc3n2)cn1,s_27____25525738____10803818,376.4,2.427715,7,8,3,0.666667,910,<rdkit.Chem.rdchem.Mol object at 0x177c72c70>,<rdkit.Chem.rdchem.Mol object at 0x177cbdfd0>,5.10250167090304
O[C@@H]1c2ccccc2OC[C@H]1Nc1nc(Nc2ccccc2)c2[nH]cnc2n1,s_27____18059196____10803818,374.4,2.671655,4,7,4,0.666667,967,<rdkit.Chem.rdchem.Mol object at 0x177c72d50>,<rdkit.Chem.rdchem.Mol object at 0x177cbdf30>,5.090764547658244
C[C@H]1COc2ccccc2[C@H]1Nc1nc(Nc2ccccc2)c2[nH]cnc2n1,s_27____19739048____10803818,372.4,3.841273,4,6,3,0.666667,1019,<rdkit.Chem.rdchem.Mol object at 0x177c72e30>,<rdkit.Chem.rdchem.Mol object at 0x177ce3a10>,5.23670811849499
c1ccc(Nc2nc(NCCc3ccc(OCCN4CCCC4)cc3)nc3[nH]cnc23)cc1,s_27____8272186____10803818,443.6,4.126851,10,7,3,0.666667,1163,<rdkit.Chem.rdchem.Mol object at 0x177c72f10>,<rdkit.Chem.rdchem.Mol object at 0x177cbda30>,4.625399007148702
Clc1ccc(OCCNc2nc(Nc3ccccc3)c3[nH]cnc3n2)cc1,s_27____104098____10803818,380.8,4.09504,7,6,3,0.666667,1023,<rdkit.Chem.rdchem.Mol object at 0x177c72ff0>,<rdkit.Chem.rdchem.Mol object at 0x177cbe110>,4.980902045049539
c1ccc(Nc2nc(NC3CCCOc4ccccc43)nc3[nH]cnc23)cc1,s_27____2536784____10803818,372.4,3.879312,4,6,3,0.666667,245,<rdkit.Chem.rdchem.Mol object at 0x177c730d0>,<rdkit.Chem.rdchem.Mol object at 0x177cbd9e0>,4.9831626112122835
Clc1ccc(OCC2CCN(c3nc(Nc4ccccc4)c4[nH]cnc4n3)CC2)cn1,s_27____9449014____10803818,435.9,4.201573,6,7,2,0.654545,487,<rdkit.Chem.rdchem.Mol object at 0x177c731b0>,<rdkit.Chem.rdchem.Mol object at 0x177cbe340>,5.469871254052096
COc1ccc(CCCCNc2nc(Nc3ccccc3)c3[nH]cnc3n2)cc1,s_27____24515122____10803818,388.5,4.591546,9,6,3,0.653846,406,<rdkit.Chem.rdchem.Mol object at 0x177c73290>,<rdkit.Chem.rdchem.Mol object at 0x177cbde40>,5.244079825276089
COc1cccc(CC(C)Nc2nc(Nc3ccccc3)c3[nH]cnc3n2)c1,s_27____4833324____10803818,374.4,4.118984,7,6,3,0.653846,723,<rdkit.Chem.rdchem.Mol object at 0x177c73370>,<rdkit.Chem.rdchem.Mol object at 0x177cbe1b0>,4.919343377315158
CC(C)(C)Oc1ccc(CNc2nc(Nc3ccccc3)c3[nH]cnc3n2)cc1,s_27____1944660____10803818,388.5,4.467707,7,6,3,0.653846,391,<rdkit.Chem.rdchem.Mol object at 0x177c73450>,<rdkit.Chem.rdchem.Mol object at 0x177cbe200>,5.04579700273776
COc1ccccc1CCCNc1nc(Nc2ccccc2)c2[nH]cnc2n1,s_27____25522962____10803818,374.4,4.146977,8,6,3,0.653846,892,<rdkit.Chem.rdchem.Mol object at 0x177c73530>,<rdkit.Chem.rdchem.Mol object at 0x177cbe160>,4.598972315268543
CC(C)COc1ccccc1CNc1nc(Nc2ccccc2)c2[nH]cnc2n1,s_27____1181050____10803818,388.5,4.658051,8,6,3,0.653846,918,<rdkit.Chem.rdchem.Mol object at 0x177c73610>,<rdkit.Chem.rdchem.Mol object at 0x177cbe570>,4.628660827450797
CC(C)COc1cccc(CNc2nc(Nc3ccccc3)c3[nH]cnc3n2)c1,s_27____1323068____10803818,388.5,4.658051,8,6,3,0.653846,445,<rdkit.Chem.rdchem.Mol object at 0x177c736f0>,<rdkit.Chem.rdchem.Mol object at 0x177cbe6b0>,4.82083047399813
COc1cc(CCCNc2nc(Nc3ccccc3)c3[nH]cnc3n2)cc(OC)c1,s_27____25523524____10803818,404.5,3.989306,9,7,3,0.653846,435,<rdkit.Chem.rdchem.Mol object at 0x177c737d0>,<rdkit.Chem.rdchem.Mol object at 0x1741c3880>,5.022976498035304
c1ccc(Nc2nc(NCc3ccc(OCCOc4ccccc4)nc3)nc3[nH]cnc23)cc1,s_27____1001578____10803818,453.5,4.434582,10,8,3,0.653846,1110,<rdkit.Chem.rdchem.Mol object at 0x177c738b0>,<rdkit.Chem.rdchem.Mol object at 0x177c6ee30>,4.13806470085176
c1ccc(Nc2nc(NCc3ccccc3OCC3CC3)nc3[nH]cnc23)cc1,s_27____5455214____10803818,386.5,4.194325,8,6,3,0.653846,717,<rdkit.Chem.rdchem.Mol object at 0x177c73990>,<rdkit.Chem.rdchem.Mol object at 0x177ce0fe0>,5.122201052747433
CC(C)(C)Oc1ccccc1CNc1nc(Nc2ccccc2)c2[nH]cnc2n1,s_27____6201368____10803818,388.5,4.467707,7,6,3,0.653846,387,<rdkit.Chem.rdchem.Mol object at 0x177c73a70>,<rdkit.Chem.rdchem.Mol object at 0x177cbe520>,4.596076597091174
COc1ccc(CCC(C)Nc2nc(Nc3ccccc3)c3[nH]cnc3n2)cc1,s_27____2162226____10803818,388.5,4.563552,8,6,3,0.653846,1407,<rdkit.Chem.rdchem.Mol object at 0x177c73b50>,<rdkit.Chem.rdchem.Mol object at 0x177cbe750>,5.335840145929939
COc1ccc(C(C)CCNc2nc(Nc3ccccc3)c3[nH]cnc3n2)cc1,s_27____5728628____10803818,388.5,4.433996,8,6,3,0.653846,838,<rdkit.Chem.rdchem.Mol object at 0x177c73c30>,<rdkit.Chem.rdchem.Mol object at 0x177cbe8e0>,5.137331020177208
CCC(C)Oc1ccc(CNc2nc(Nc3ccccc3)c3[nH]cnc3n2)cc1,s_27____25520858____10803818,388.5,4.709653,8,6,3,0.653846,925,<rdkit.Chem.rdchem.Mol object at 0x177c73d10>,<rdkit.Chem.rdchem.Mol object at 0x177c04860>,5.167371911555983
COc1cc(OC)c(CC(C)Nc2nc(Nc3ccccc3)c3[nH]cnc3n2)c(OC)c1,s_27____10719502____10803818,434.5,3.803641,9,8,3,0.653846,279,<rdkit.Chem.rdchem.Mol object at 0x177c73df0>,<rdkit.Chem.rdchem.Mol object at 0x177cbeac0>,4.792906673873674
COc1ccc(CC(C)Nc2nc(Nc3ccccc3)c3[nH]cnc3n2)cc1OC,s_27____5731916____10803818,404.5,3.961312,8,7,3,0.653846,885,<rdkit.Chem.rdchem.Mol object at 0x177c73ed0>,<rdkit.Chem.rdchem.Mol object at 0x177cbe480>,5.096324045793326
COc1cc(OC)c(CCNc2nc(Nc3ccccc3)c3[nH]cnc3n2)cn1,s_27____16908938____10803818,391.4,2.921523,8,8,3,0.653846,226,<rdkit.Chem.rdchem.Mol object at 0x177c90040>,<rdkit.Chem.rdchem.Mol object at 0x177cbe930>,5.047581760641203
COc1cccc(CCCNc2nc(Nc3ccccc3)c3[nH]cnc3n2)c1,s_27____3000692____10803818,374.4,4.146977,8,6,3,0.653846,15,<rdkit.Chem.rdchem.Mol object at 0x177c90120>,<rdkit.Chem.rdchem.Mol object at 0x177cbeb60>,4.955226426221697
COc1ccccc1C[C@H](C)Nc1nc(Nc2ccccc2)c2[nH]cnc2n1,s_27____9579692____10803818,374.4,4.118984,7,6,3,0.653846,219,<rdkit.Chem.rdchem.Mol object at 0x177c90200>,<rdkit.Chem.rdchem.Mol object at 0x177cbe890>,4.53724020632431
COc1ccc(CCCNc2nc(Nc3ccccc3)c3[nH]cnc3n2)cc1,s_27____24530712____10803818,374.4,4.146977,8,6,3,0.653846,376,<rdkit.Chem.rdchem.Mol object at 0x177c902e0>,<rdkit.Chem.rdchem.Mol object at 0x177cbecf0>,5.058900223151043
CC(C)Oc1ccccc1CNc1nc(Nc2ccccc2)c2[nH]cnc2n1,s_27____1136858____10803818,374.4,4.18713,7,6,3,0.653846,338,<rdkit.Chem.rdchem.Mol object at 0x177c903c0>,<rdkit.Chem.rdchem.Mol object at 0x177ce2ca0>,4.50164914617087
CC(C)Oc1ccc(CNc2nc(Nc3ccccc3)c3[nH]cnc3n2)cc1,s_27____21408012____10803818,374.4,4.18713,7,6,3,0.653846,1361,<rdkit.Chem.rdchem.Mol object at 0x177c904a0>,<rdkit.Chem.rdchem.Mol object at 0x177cbee30>,5.216440523080815
COc1ccc(C(C)(C)CNc2nc(Nc3ccccc3)c3[nH]cnc3n2)cc1,s_27____2262760____10803818,388.5,4.445382,7,6,3,0.653846,351,<rdkit.Chem.rdchem.Mol object at 0x177c90580>,<rdkit.Chem.rdchem.Mol object at 0x177cbea70>,4.939248688330476
CC(C)COc1ccc(CNc2nc(Nc3ccccc3)c3[nH]cnc3n2)cc1,s_27____14035480____10803818,388.5,4.658051,8,6,3,0.653846,1412,<rdkit.Chem.rdchem.Mol object at 0x177c90660>,<rdkit.Chem.rdchem.Mol object at 0x177cbef20>,5.309384070148521
Cc1ccc(CNc2nc(Nc3ccccc3)c3[nH]cnc3n2)c(OCC2CC2)c1,s_27____6953188____10803818,400.5,4.707746,8,6,3,0.653846,941,<rdkit.Chem.rdchem.Mol object at 0x177c90740>,<rdkit.Chem.rdchem.Mol object at 0x177cbf060>,5.2682875014316295
COc1ccnc(CCNc2nc(Nc3ccccc3)c3[nH]cnc3n2)n1,m_27____16464484____10803818,362.4,2.679995,7,8,3,0.653846,337,<rdkit.Chem.rdchem.Mol object at 0x177c90820>,<rdkit.Chem.rdchem.Mol object at 0x177ce11c0>,4.922442028235035
COc1ccccc1C(C)(C)CNc1nc(Nc2ccccc2)c2[nH]cnc2n1,s_27____2229210____10803818,388.5,4.445382,7,6,3,0.653846,89,<rdkit.Chem.rdchem.Mol object at 0x177c90900>,<rdkit.Chem.rdchem.Mol object at 0x177cbf0b0>,4.614442963952811
COc1ccc(C2CCCN2c2nc(Nc3ccccc3)c3[nH]cnc3n2)cn1,s_27____18798286____10803818,387.4,3.891363,5,7,2,0.642857,857,<rdkit.Chem.rdchem.Mol object at 0x177c909e0>,<rdkit.Chem.rdchem.Mol object at 0x177cbeca0>,5.01831176379175
FC(F)(F)c1ccc(OCCNc2nc(Nc3ccccc3)c3[nH]cnc3n2)nc1,s_27____7105996____10803818,415.4,3.745629,8,7,3,0.642857,412,<rdkit.Chem.rdchem.Mol object at 0x177c90ac0>,<rdkit.Chem.rdchem.Mol object at 0x177cbf1f0>,5.00336163101538
O[C@H]1CCCC[C@@H]1CCNc1nc(Nc2ccccc2)c2[nH]cnc2n1,s_27____16981664____10803818,352.4,3.019079,6,6,4,0.638298,442,<rdkit.Chem.rdchem.Mol object at 0x177c90ba0>,<rdkit.Chem.rdchem.Mol object at 0x177cbf330>,4.832884023140227
OCC[C@H]1CC[C@H](Nc2nc(Nc3ccccc3)c3[nH]cnc3n2)CC1,s_27____13461144____10803818,352.4,2.941125,6,6,4,0.638298,309,<rdkit.Chem.rdchem.Mol object at 0x177c90c80>,<rdkit.Chem.rdchem.Mol object at 0x177cbf380>,5.485719576862965
OCC(CNc1nc(Nc2ccccc2)c2[nH]cnc2n1)C1CCCCC1,s_27____10547164____10803818,366.5,3.297695,7,6,4,0.638298,372,<rdkit.Chem.rdchem.Mol object at 0x177c90d60>,<rdkit.Chem.rdchem.Mol object at 0x177cbf420>,5.216224065703095
O[C@H]1CC[C@](O)(CNc2nc(Nc3ccccc3)c3[nH]cnc3n2)CC1,s_27____25528540____10803818,354.4,1.493164,5,7,5,0.638298,246,<rdkit.Chem.rdchem.Mol object at 0x177c90e40>,<rdkit.Chem.rdchem.Mol object at 0x177cbf290>,4.90086897643767
OC1(CNc2nc(Nc3ccccc3)c3[nH]cnc3n2)CCCCCCC1,s_27____18242860____10803818,366.5,3.76902,5,6,4,0.638298,623,<rdkit.Chem.rdchem.Mol object at 0x177c90f20>,<rdkit.Chem.rdchem.Mol object at 0x177cbf3d0>,5.5276893396883695
OC1(CNc2nc(Nc3ccccc3)c3[nH]cnc3n2)CC2CCCC21,s_27____25523918____10803818,350.4,2.62358,5,6,4,0.638298,1104,<rdkit.Chem.rdchem.Mol object at 0x177c91000>,<rdkit.Chem.rdchem.Mol object at 0x177cbf1a0>,5.272034908415478
CC(O)(CNc1nc(Nc2ccccc2)c2[nH]cnc2n1)CC1CCCCC1,s_27____16503762____10803818,380.5,3.978086,7,6,4,0.638298,1392,<rdkit.Chem.rdchem.Mol object at 0x177c910e0>,<rdkit.Chem.rdchem.Mol object at 0x177cbf600>,5.2491026362264375
CC1C(Nc2nc(Nc3ccccc3)c3[nH]cnc3n2)CCC(CO)C1(C)C,s_27____25526512____10803818,380.5,3.526549,5,6,4,0.638298,146,<rdkit.Chem.rdchem.Mol object at 0x177c911c0>,<rdkit.Chem.rdchem.Mol object at 0x177cbf740>,5.346190509615755
CC(C)(O)C1(CNc2nc(Nc3ccccc3)c3[nH]cnc3n2)CCCC1,s_27____25520954____10803818,366.5,3.311042,6,6,4,0.638298,308,<rdkit.Chem.rdchem.Mol object at 0x177c912a0>,<rdkit.Chem.rdchem.Mol object at 0x177cbf790>,5.132702721457486
OCCC(Nc1nc(Nc2ccccc2)c2[nH]cnc2n1)C1CCCCCC1,s_27____13768924____10803818,380.5,3.835422,7,6,4,0.638298,340,<rdkit.Chem.rdchem.Mol object at 0x177c91380>,<rdkit.Chem.rdchem.Mol object at 0x177cbf650>,5.1066683100513695
CC1(C)[C@H](O)C(C)(C)[C@H]1Nc1nc(Nc2ccccc2)c2[nH]cnc2n1,s_27____25403996____10803818,352.4,3.168123,4,6,4,0.638298,920,<rdkit.Chem.rdchem.Mol object at 0x177c91460>,<rdkit.Chem.rdchem.Mol object at 0x177cbf7e0>,5.141277001774865
OC1CCC12CC(CNc1nc(Nc3ccccc3)c3[nH]cnc3n1)C2,s_27____25525838____10803818,350.4,2.409189,5,6,4,0.638298,1283,<rdkit.Chem.rdchem.Mol object at 0x177c91540>,<rdkit.Chem.rdchem.Mol object at 0x177c25350>,4.808496126939317
CC(C)(O)C1(CNc2nc(Nc3ccccc3)c3[nH]cnc3n2)CCC1,s_27____25524556____10803818,352.4,2.866473,6,6,4,0.638298,236,<rdkit.Chem.rdchem.Mol object at 0x177c91620>,<rdkit.Chem.rdchem.Mol object at 0x177cbea20>,4.758098643353711
OC1CCCCC(CNc2nc(Nc3ccccc3)c3[nH]cnc3n2)C1,s_27____15776824____10803818,352.4,3.019079,5,6,4,0.638298,161,<rdkit.Chem.rdchem.Mol object at 0x177c91700>,<rdkit.Chem.rdchem.Mol object at 0x177cbf970>,4.686708782856401
CC(CCO)C1(CNc2nc(Nc3ccccc3)c3[nH]cnc3n2)CCC1,s_27____8283114____10803818,366.5,3.18957,8,6,4,0.638298,727,<rdkit.Chem.rdchem.Mol object at 0x177c917e0>,<rdkit.Chem.rdchem.Mol object at 0x177cbf880>,4.976409961758928
OC(CNc1nc(Nc2ccccc2)c2[nH]cnc2n1)(C1CC1)C1CC1,s_27____12058958____10803818,350.4,2.701534,7,6,4,0.638298,184,<rdkit.Chem.rdchem.Mol object at 0x177c918c0>,<rdkit.Chem.rdchem.Mol object at 0x177cbfab0>,5.567086753883646
OC1(CNc2nc(Nc3ccccc3)c3[nH]cnc3n2)CCC2(CC1)CC2,s_27____25524290____10803818,364.5,3.003223,5,6,4,0.638298,354,<rdkit.Chem.rdchem.Mol object at 0x177c919a0>,<rdkit.Chem.rdchem.Mol object at 0x177cbf5b0>,5.410996396679253
OCC1CCCCCC1Nc1nc(Nc2ccccc2)c2[nH]cnc2n1,s_27____24001492____10803818,352.4,3.060636,5,6,4,0.638298,48,<rdkit.Chem.rdchem.Mol object at 0x177c91a80>,<rdkit.Chem.rdchem.Mol object at 0x177cbfbf0>,5.0580562508714495
OCC1CC2(CCC(Nc3nc(Nc4ccccc4)c4[nH]cnc4n3)CC2)C1,s_27____26083454____10803818,378.5,3.142419,5,6,4,0.638298,1049,<rdkit.Chem.rdchem.Mol object at 0x177c91b60>,<rdkit.Chem.rdchem.Mol object at 0x177cbfd30>,5.990066774132496
OC1CCCC1CCCNc1nc(Nc2ccccc2)c2[nH]cnc2n1,s_27____7426664____10803818,352.4,3.019079,7,6,4,0.638298,379,<rdkit.Chem.rdchem.Mol object at 0x177c91c40>,<rdkit.Chem.rdchem.Mol object at 0x177cbfba0>,4.641349528161041
OC(CCNc1nc(Nc2ccccc2)c2[nH]cnc2n1)C1CCCCC1,s_27____16500334____10803818,366.5,3.390854,7,6,4,0.638298,1399,<rdkit.Chem.rdchem.Mol object at 0x177c91d20>,<rdkit.Chem.rdchem.Mol object at 0x177cbfb00>,5.141058996859596
CC(C)(O)[C@H]1CC[C@@H](Nc2nc(Nc3ccccc3)c3[nH]cnc3n2)CC1,s_27____25521632____10803818,366.5,3.271662,5,6,4,0.638298,679,<rdkit.Chem.rdchem.Mol object at 0x177c91e00>,<rdkit.Chem.rdchem.Mol object at 0x177cbfe70>,5.729880544713927
O[C@H]1CCCCCC[C@@H]1Nc1nc(Nc2ccccc2)c2[nH]cnc2n1,s_27____23046726____10803818,352.4,3.46045,4,6,4,0.638298,647,<rdkit.Chem.rdchem.Mol object at 0x177c91ee0>,<rdkit.Chem.rdchem.Mol object at 0x177cbfa10>,5.297486198689072
OCCC1(CNc2nc(Nc3ccccc3)c3[nH]cnc3n2)CCCCC1,s_27____6821796____10803818,366.5,3.34712,7,6,4,0.638298,322,<rdkit.Chem.rdchem.Mol object at 0x177c91fc0>,<rdkit.Chem.rdchem.Mol object at 0x177cbfec0>,5.106307393037434
CC(O)(CCNc1nc(Nc2ccccc2)c2[nH]cnc2n1)C1CCCCC1,s_27____16503230____10803818,380.5,3.67143,7,6,4,0.638298,1244,<rdkit.Chem.rdchem.Mol object at 0x177c920a0>,<rdkit.Chem.rdchem.Mol object at 0x177cbff60>,5.302089691772005
CC1CCC(C(C)(O)CNc2nc(Nc3ccccc3)c3[nH]cnc3n2)CC1,s_27____16504294____10803818,380.5,3.89849,6,6,4,0.638298,494,<rdkit.Chem.rdchem.Mol object at 0x177c92180>,<rdkit.Chem.rdchem.Mol object at 0x177cbffb0>,4.861610037828666
OC(CNc1nc(Nc2ccccc2)c2[nH]cnc2n1)CC1CCCCC1,s_27____21534396____10803818,366.5,3.697509,7,6,4,0.638298,324,<rdkit.Chem.rdchem.Mol object at 0x177c92260>,<rdkit.Chem.rdchem.Mol object at 0x177cbf830>,5.284269410431107
OC1(CNc2nc(Nc3ccccc3)c3[nH]cnc3n2)CCCCCC1,s_27____5063656____10803818,352.4,3.324452,5,6,4,0.638298,862,<rdkit.Chem.rdchem.Mol object at 0x177c92340>,<rdkit.Chem.rdchem.Mol object at 0x177cbfc40>,5.512553968695323
OCC1CCCC(Nc2nc(Nc3ccccc3)c3[nH]cnc3n2)CC1,s_27____25521020____10803818,352.4,3.019079,5,6,4,0.638298,98,<rdkit.Chem.rdchem.Mol object at 0x177c92420>,<rdkit.Chem.rdchem.Mol object at 0x177cbff10>,5.147019921372703
CC1(C)CCCC(O)(CNc2nc(Nc3ccccc3)c3[nH]cnc3n2)CC1,s_27____12368596____10803818,380.5,3.911518,5,6,4,0.638298,99,<rdkit.Chem.rdchem.Mol object at 0x177c92500>,<rdkit.Chem.rdchem.Mol object at 0x177cf4270>,4.7801563079293325
CC1(C)CC(C)(C)CC(O)(CNc2nc(Nc3ccccc3)c3[nH]cnc3n2)C1,s_27____25522220____10803818,394.5,4.054015,5,6,4,0.638298,427,<rdkit.Chem.rdchem.Mol object at 0x177c925e0>,<rdkit.Chem.rdchem.Mol object at 0x177cf4310>,4.488821816410237
CC(O)(CNc1nc(Nc2ccccc2)c2[nH]cnc2n1)C1CCCCCC1,s_27____16504218____10803818,380.5,4.056039,6,6,4,0.638298,638,<rdkit.Chem.rdchem.Mol object at 0x177c926c0>,<rdkit.Chem.rdchem.Mol object at 0x177cf43b0>,5.193781780216592
OC1(C2CC2)CCC(Nc2nc(Nc3ccccc3)c3[nH]cnc3n2)CC1,s_27____25523324____10803818,364.5,2.963844,5,6,4,0.638298,404,<rdkit.Chem.rdchem.Mol object at 0x177c927a0>,<rdkit.Chem.rdchem.Mol object at 0x177cf4450>,5.409566048872109
OCC1CCC(CCNc2nc(Nc3ccccc3)c3[nH]cnc3n2)CC1,s_27____25521304____10803818,366.5,3.256138,7,6,4,0.638298,987,<rdkit.Chem.rdchem.Mol object at 0x177c92880>,<rdkit.Chem.rdchem.Mol object at 0x177cf40e0>,5.167570961920453
CC(C)(CNc1nc(Nc2ccccc2)c2[nH]cnc2n1)C(O)C1CCC1,s_27____25523632____10803818,366.5,3.473392,7,6,4,0.638298,781,<rdkit.Chem.rdchem.Mol object at 0x177c92960>,<rdkit.Chem.rdchem.Mol object at 0x177cf44f0>,5.170564815035757
CC(C)(CNc1nc(Nc2ccccc2)c2[nH]cnc2n1)C1(O)CCCCC1,s_27____13913268____10803818,380.5,3.911518,6,6,4,0.638298,472,<rdkit.Chem.rdchem.Mol object at 0x177c92a40>,<rdkit.Chem.rdchem.Mol object at 0x177cf44a0>,4.963605601586272
CC(C)(C)C(CCO)CNc1nc(Nc2ccccc2)c2[nH]cnc2n1,s_27____21538078____10803818,354.5,3.130774,8,6,4,0.638298,876,<rdkit.Chem.rdchem.Mol object at 0x177c92b20>,<rdkit.Chem.rdchem.Mol object at 0x177cf4360>,4.537534550103135
CC(O)C1CCC(Nc2nc(Nc3ccccc3)c3[nH]cnc3n2)CC1,s_27____25524800____10803818,352.4,2.991085,5,6,4,0.638298,1181,<rdkit.Chem.rdchem.Mol object at 0x177c92c00>,<rdkit.Chem.rdchem.Mol object at 0x177cf46d0>,5.349954452668977
CC1(C)CCC(C(CO)Nc2nc(Nc3ccccc3)c3[nH]cnc3n2)CC1,s_27____21684824____10803818,380.5,3.91796,6,6,4,0.638298,1046,<rdkit.Chem.rdchem.Mol object at 0x177c92ce0>,<rdkit.Chem.rdchem.Mol object at 0x177cf45e0>,4.796445767976197
CC1(C)CC[C@H](O)[C@@H](Nc2nc(Nc3ccccc3)c3[nH]cnc3n2)C1,m_27____12429260____10803818,352.4,3.158379,4,6,4,0.638298,904,<rdkit.Chem.rdchem.Mol object at 0x177c92dc0>,<rdkit.Chem.rdchem.Mol object at 0x177cf4680>,5.027280565745275
OCCC(Nc1nc(Nc2ccccc2)c2[nH]cnc2n1)C1CCCCC1,s_27____4990712____10803818,366.5,3.390854,7,6,4,0.638298,765,<rdkit.Chem.rdchem.Mol object at 0x177c92ea0>,<rdkit.Chem.rdchem.Mol object at 0x177cf4220>,5.3035833411556546
OC(CNc1nc(Nc2ccccc2)c2[nH]cnc2n1)CC1CCCC1,s_27____21534440____10803818,352.4,3.25294,7,6,4,0.638298,762,<rdkit.Chem.rdchem.Mol object at 0x177c92f80>,<rdkit.Chem.rdchem.Mol object at 0x177cf4810>,5.455623263397997
CCCCCC(CO)CNc1nc(Nc2ccccc2)c2[nH]cnc2n1,s_27____25523838____10803818,354.5,3.474402,10,6,4,0.638298,657,<rdkit.Chem.rdchem.Mol object at 0x177c93060>,<rdkit.Chem.rdchem.Mol object at 0x177cf4860>,4.861069281023321
OC[C@@H]1C[C@H]2CCC[C@]1(Nc1nc(Nc3ccccc3)c3[nH]cnc3n1)C2,s_27____25557460____10803818,364.5,2.797891,5,6,4,0.638298,1175,<rdkit.Chem.rdchem.Mol object at 0x177c93140>,<rdkit.Chem.rdchem.Mol object at 0x177cf49f0>,5.486872316390864
OCC(CC1CCCCC1)Nc1nc(Nc2ccccc2)c2[nH]cnc2n1,s_27____11246574____10803818,366.5,3.697509,7,6,4,0.638298,465,<rdkit.Chem.rdchem.Mol object at 0x177c93290>,<rdkit.Chem.rdchem.Mol object at 0x177cf4900>,4.658491536232742
OC1CCCCC1CCCNc1nc(Nc2ccccc2)c2[nH]cnc2n1,s_27____7426184____10803818,366.5,3.463648,7,6,4,0.638298,1165,<rdkit.Chem.rdchem.Mol object at 0x177c93370>,<rdkit.Chem.rdchem.Mol object at 0x177cf4180>,4.756946373833412
COc1ccc2c(c1)CCCC2Nc1nc(Nc2ccccc2)c2[nH]cnc2n1,s_27____2239226____10803818,386.5,4.40254,5,6,3,0.62963,255,<rdkit.Chem.rdchem.Mol object at 0x177c93450>,<rdkit.Chem.rdchem.Mol object at 0x177c576f0>,6.557215151434719
COc1cccc(CN2CCC(Nc3nc(Nc4ccccc4)c4[nH]cnc4n3)CC2)c1,s_27____13068052____10803818,429.5,3.440554,7,7,3,0.62963,1035,<rdkit.Chem.rdchem.Mol object at 0x177c93530>,<rdkit.Chem.rdchem.Mol object at 0x177cf4c70>,5.5162725068251826
COc1ccc(C(C)Nc2nc(Nc3ccccc3)c3[nH]cnc3n2)cn1,s_27____24506096____10803818,361.4,3.207108,6,7,3,0.62963,1051,<rdkit.Chem.rdchem.Mol object at 0x177c93610>,<rdkit.Chem.rdchem.Mol object at 0x177cf49a0>,4.893048212245118
CCOc1ccccc1C(C)Nc1nc(Nc2ccccc2)c2[nH]cnc2n1,s_27____2235494____10803818,374.4,4.18713,7,6,3,0.62963,30,<rdkit.Chem.rdchem.Mol object at 0x177c936f0>,<rdkit.Chem.rdchem.Mol object at 0x177cf4a40>,4.532000934244979
c1ccc(Nc2nc(NCc3ccc(OCC4CCCO4)cc3)nc3[nH]cnc23)cc1,s_27____771836____10803818,416.5,3.832337,8,7,3,0.62963,621,<rdkit.Chem.rdchem.Mol object at 0x177c937d0>,<rdkit.Chem.rdchem.Mol object at 0x177cf4db0>,4.670021212694217
COc1ccc(CN2CCC(CNc3nc(Nc4ccccc4)c4[nH]cnc4n3)CC2)cc1,s_27____2228708____10803818,443.6,3.901154,8,7,3,0.62963,62,<rdkit.Chem.rdchem.Mol object at 0x177c938b0>,<rdkit.Chem.rdchem.Mol object at 0x177cf4e00>,5.146898176044106
c1ccc(Nc2nc(NCc3ccncc3OCC3CCOC3)nc3[nH]cnc23)cc1,s_27____10228314____10803818,417.5,2.21485,8,8,3,0.62963,1027,<rdkit.Chem.rdchem.Mol object at 0x177c93990>,<rdkit.Chem.rdchem.Mol object at 0x177cbf4c0>,4.399108442167422
COc1ccccc1CN1CCC(Nc2nc(Nc3ccccc3)c3[nH]cnc3n2)CC1,s_27____1128866____10803818,429.5,3.440554,7,7,3,0.62963,1119,<rdkit.Chem.rdchem.Mol object at 0x177c93a70>,<rdkit.Chem.rdchem.Mol object at 0x177cf4f40>,5.346226300528402
CC1(C)Oc2ccc(CNc3nc(Nc4ccccc4)c4[nH]cnc4n3)cc2O1,s_27____14411180____10803818,388.4,3.672248,5,7,3,0.62963,1390,<rdkit.Chem.rdchem.Mol object at 0x177c93b50>,<rdkit.Chem.rdchem.Mol object at 0x177cf4bd0>,5.1337661468896
Clc1nc(NCc2ccccc2OCC2CCCCC2)c2[nH]cnc2n1,s_27____14946364____11672122,371.9,4.317869,6,5,2,0.62963,28,<rdkit.Chem.rdchem.Mol object at 0x177c93c30>,<rdkit.Chem.rdchem.Mol object at 0x177cf4fe0>,4.103113682169121
COc1ncc(C(C)Nc2nc(Nc3ccccc3)c3[nH]cnc3n2)cc1C,s_27____25542170____10803818,375.4,3.720529,6,7,3,0.62963,704,<rdkit.Chem.rdchem.Mol object at 0x177c93d10>,<rdkit.Chem.rdchem.Mol object at 0x177c07100>,4.861828722969835
COCCOc1ccc(CNc2nc(Nc3ccccc3)c3[nH]cnc3n2)cn1,s_27____789176____10803818,391.4,2.743557,9,8,3,0.62963,397,<rdkit.Chem.rdchem.Mol object at 0x177c93df0>,<rdkit.Chem.rdchem.Mol object at 0x177cf50d0>,5.172807544782622
CCOc1ccc(C(C)Nc2nc(Nc3ccccc3)c3[nH]cnc3n2)cc1,s_27____790508____10803818,374.4,4.18713,7,6,3,0.62963,1313,<rdkit.Chem.rdchem.Mol object at 0x177c93ed0>,<rdkit.Chem.rdchem.Mol object at 0x177cf4ea0>,5.032320405777825
c1ccc(Nc2nc(NCC3CC(=C4CCC4)C3)nc3[nH]cnc23)cc1,s_27____17317656____10803818,346.4,3.622304,5,5,3,0.617021,1333,<rdkit.Chem.rdchem.Mol object at 0x177cb0040>,<rdkit.Chem.rdchem.Mol object at 0x177cf5210>,4.690973859197026
C=CCC(CNc1nc(Nc2ccccc2)c2[nH]cnc2n1)CC(C)C,s_27____25523452____10803818,350.5,4.852555,9,5,3,0.617021,334,<rdkit.Chem.rdchem.Mol object at 0x177cb0120>,<rdkit.Chem.rdchem.Mol object at 0x177cf5030>,5.064412704648457
C=CCCCC(Nc1nc(Nc2ccccc2)c2[nH]cnc2n1)C1CC1,s_27____17523788____10803818,348.5,4.596338,9,5,3,0.617021,463,<rdkit.Chem.rdchem.Mol object at 0x177cb0200>,<rdkit.Chem.rdchem.Mol object at 0x177cf5350>,5.198323583762201
CC(C)C1=CCC(Nc2nc(Nc3ccccc3)c3[nH]cnc3n2)CC1,s_27____25523652____10803818,348.5,4.259244,5,5,3,0.617021,475,<rdkit.Chem.rdchem.Mol object at 0x177cb02e0>,<rdkit.Chem.rdchem.Mol object at 0x177cf5490>,5.245274726681216
C1=C[C@@H]2C[C@H]1C[C@@H]2CCNc1nc(Nc2ccccc2)c2[nH]cnc2n1,s_27____16488634____10803818,346.4,3.631666,6,5,3,0.617021,778,<rdkit.Chem.rdchem.Mol object at 0x177cb03c0>,<rdkit.Chem.rdchem.Mol object at 0x177cf5300>,4.727895582510187
C1=CC2CCC1CC2CNc1nc(Nc2ccccc2)c2[nH]cnc2n1,s_27____11352402____10803818,346.4,3.70962,5,5,3,0.617021,802,<rdkit.Chem.rdchem.Mol object at 0x177cb0510>,<rdkit.Chem.rdchem.Mol object at 0x177cf54e0>,4.5848527556670575
CC(C)(CNc1nc(Nc2ccccc2)c2[nH]cnc2n1)C1=CCCC1,s_27____10891218____10803818,348.5,4.220669,6,5,3,0.617021,1231,<rdkit.Chem.rdchem.Mol object at 0x177cb05f0>,<rdkit.Chem.rdchem.Mol object at 0x177cf5440>,5.1129441500031305
C1=C[C@H]2C[C@@H](C1)C[C@H](Nc1nc(Nc3ccccc3)c3[nH]cnc3n1)C2,s_27____25522204____10803818,346.4,3.839175,4,5,3,0.617021,421,<rdkit.Chem.rdchem.Mol object at 0x177cb06d0>,<rdkit.Chem.rdchem.Mol object at 0x177cf5620>,5.131450482130747
C1=CCCC(CNc2nc(Nc3ccccc3)c3[nH]cnc3n2)CCC1,s_27____13433594____10803818,348.5,4.488445,5,5,3,0.617021,1295,<rdkit.Chem.rdchem.Mol object at 0x177cb0820>,<rdkit.Chem.rdchem.Mol object at 0x177cf53a0>,5.212015166044317
CC(CC1=CCCCC1)Nc1nc(Nc2ccccc2)c2[nH]cnc2n1,s_27____15745640____10803818,348.5,4.338839,6,5,3,0.617021,1270,<rdkit.Chem.rdchem.Mol object at 0x177cb0900>,<rdkit.Chem.rdchem.Mol object at 0x177cf55d0>,4.72243867811708
CC(C)C1OCCC1CNc1nc(Nc2ccccc2)c2[nH]cnc2n1,s_27____9353730____10803818,352.4,3.169791,6,6,3,0.612245,305,<rdkit.Chem.rdchem.Mol object at 0x177cb09e0>,<rdkit.Chem.rdchem.Mol object at 0x177ce21b0>,4.628949722621257
CC1(Nc2nc(Nc3ccccc3)c3[nH]cnc3n2)CCOC1C1CC1,s_27____25557494____10803818,350.4,2.869093,5,6,3,0.612245,817,<rdkit.Chem.rdchem.Mol object at 0x177cb0ac0>,<rdkit.Chem.rdchem.Mol object at 0x177cf51c0>,5.122113803501527
c1ccc(Nc2nc(NC34CCCCC3OCC4)nc3[nH]cnc23)cc1,s_27____25557270____10803818,350.4,3.026643,4,6,3,0.612245,851,<rdkit.Chem.rdchem.Mol object at 0x177cb0ba0>,<rdkit.Chem.rdchem.Mol object at 0x177cf58a0>,5.082727794680117
OCC(CC1CCOCC1)Nc1nc(Nc2ccccc2)c2[nH]cnc2n1,s_27____15095142____10803818,368.4,2.005012,7,7,4,0.612245,277,<rdkit.Chem.rdchem.Mol object at 0x177cb0c80>,<rdkit.Chem.rdchem.Mol object at 0x177cf4cc0>,4.816106780380486
CC1CCC(OCCCNc2nc(Nc3ccccc3)c3[nH]cnc3n2)CC1,s_27____26083168____10803818,380.5,3.94622,8,6,3,0.612245,845,<rdkit.Chem.rdchem.Mol object at 0x177cb0d60>,<rdkit.Chem.rdchem.Mol object at 0x177cf5940>,5.218699142035129
CCCO[C@@H]1CCCC[C@H]1Nc1nc(Nc2ccccc2)c2[nH]cnc2n1,s_27____15757138____10803818,366.5,4.093769,7,6,3,0.612245,314,<rdkit.Chem.rdchem.Mol object at 0x177cb0e40>,<rdkit.Chem.rdchem.Mol object at 0x177cf5a80>,5.629532102346299
CCC1(C)CC(Nc2nc(Nc3ccccc3)c3[nH]cnc3n2)CCO1,s_27____25522692____10803818,352.4,3.027806,5,6,3,0.612245,280,<rdkit.Chem.rdchem.Mol object at 0x177cb0f20>,<rdkit.Chem.rdchem.Mol object at 0x177cf5850>,5.451565664946919
CCCCOC1CC(Nc2nc(Nc3ccccc3)c3[nH]cnc3n2)C1(C)C,s_27____6547306____10803818,380.5,4.163473,8,6,3,0.612245,834,<rdkit.Chem.rdchem.Mol object at 0x177cb1000>,<rdkit.Chem.rdchem.Mol object at 0x177cf5ad0>,5.266169568251537
c1ccc(Nc2nc(NCCC3CCC4(CC4)CO3)nc3[nH]cnc23)cc1,s_27____25522156____10803818,364.5,3.049311,6,6,3,0.612245,827,<rdkit.Chem.rdchem.Mol object at 0x177cb10e0>,<rdkit.Chem.rdchem.Mol object at 0x177cf57b0>,5.025700256551212
CC1(C)CC(CCNc2nc(Nc3ccccc3)c3[nH]cnc3n2)CCO1,s_27____25521454____10803818,366.5,3.332499,6,6,3,0.612245,495,<rdkit.Chem.rdchem.Mol object at 0x177cb11c0>,<rdkit.Chem.rdchem.Mol object at 0x177cf5b70>,5.20820308918082
c1ccc(Nc2nc(NCC3CCOC34CCOCC4)nc3[nH]cnc23)cc1,s_27____25521308____10803818,380.5,1.750675,5,7,3,0.612245,286,<rdkit.Chem.rdchem.Mol object at 0x177cb12a0>,<rdkit.Chem.rdchem.Mol object at 0x177cf5bc0>,5.091221077823799
c1ccc(Nc2nc(N[C@H]3CC[C@H]4CCC[C@@H]3O4)nc3[nH]cnc23)cc1,s_27____25526242____10803818,350.4,3.235435,4,6,3,0.612245,785,<rdkit.Chem.rdchem.Mol object at 0x177cb1380>,<rdkit.Chem.rdchem.Mol object at 0x177cf5cb0>,4.701796069822964
c1ccc(Nc2nc(NCCCOCC3CCCCC3)nc3[nH]cnc23)cc1,s_27____25524936____10803818,380.5,3.974213,9,6,3,0.612245,814,<rdkit.Chem.rdchem.Mol object at 0x177cb14d0>,<rdkit.Chem.rdchem.Mol object at 0x177cf5990>,5.190025561548708
CN(CCC(O)C(C)(C)C)c1nc(Nc2ccccc2)c2[nH]cnc2n1,s_27____25523196____10803818,354.5,3.53414,7,6,3,0.612245,479,<rdkit.Chem.rdchem.Mol object at 0x177cb15b0>,<rdkit.Chem.rdchem.Mol object at 0x177cf5c60>,4.33585691353435
CC(C)C1(CNc2nc(Nc3ccccc3)c3[nH]cnc3n2)CCOCC1,s_27____25526042____10803818,366.5,3.378321,6,6,3,0.612245,804,<rdkit.Chem.rdchem.Mol object at 0x177cb1690>,<rdkit.Chem.rdchem.Mol object at 0x177cf5b20>,5.090024478464005
c1ccc(Nc2nc(NC3CCC(OCC4CCCO4)CC3)nc3[nH]cnc23)cc1,s_27____25524010____10803818,408.5,3.321213,7,7,3,0.612245,496,<rdkit.Chem.rdchem.Mol object at 0x177cb1770>,<rdkit.Chem.rdchem.Mol object at 0x177cf5f80>,6.1459756259647715
c1ccc(Nc2nc(NCCC3COCC4(CCC4)O3)nc3[nH]cnc23)cc1,s_27____25523972____10803818,380.5,2.535098,6,7,3,0.612245,294,<rdkit.Chem.rdchem.Mol object at 0x177cb1850>,<rdkit.Chem.rdchem.Mol object at 0x177ce19e0>,5.042365414564672
c1ccc(Nc2nc(NCCOCC3CCCO3)nc3[nH]cnc23)cc1,s_27____4969524____10803818,354.4,2.218559,8,7,3,0.612245,498,<rdkit.Chem.rdchem.Mol object at 0x177cb1930>,<rdkit.Chem.rdchem.Mol object at 0x177cf5fd0>,4.866317220280035
c1ccc(Nc2nc(NCC3COC4(CCC4)CO3)nc3[nH]cnc23)cc1,s_27____25523400____10803818,366.4,2.475139,5,7,3,0.612245,318,<rdkit.Chem.rdchem.Mol object at 0x177cb1a10>,<rdkit.Chem.rdchem.Mol object at 0x177cf5a30>,4.9258393240717675
c1ccc(Nc2nc(NCC3CCOC4(CCCC4)C3)nc3[nH]cnc23)cc1,s_27____25521662____10803818,378.5,3.547203,5,6,3,0.612245,801,<rdkit.Chem.rdchem.Mol object at 0x177cb1af0>,<rdkit.Chem.rdchem.Mol object at 0x177cf60c0>,5.189782742809489
CC1CCCCC1OCCNc1nc(Nc2ccccc2)c2[nH]cnc2n1,s_27____772112____10803818,366.5,3.964213,7,6,3,0.612245,484,<rdkit.Chem.rdchem.Mol object at 0x177cb1bd0>,<rdkit.Chem.rdchem.Mol object at 0x177cf6200>,4.898277218639125
COCCC1(CNc2nc(Nc3ccccc3)c3[nH]cnc3n2)CCCCC1,s_27____8993146____10803818,380.5,3.990246,8,6,3,0.612245,512,<rdkit.Chem.rdchem.Mol object at 0x177cb1cb0>,<rdkit.Chem.rdchem.Mol object at 0x177cf6250>,5.036010296347724
CC1CCN(CC(O)CNc2nc(Nc3ccccc3)c3[nH]cnc3n2)CC1,s_27____4509354____10803818,381.5,2.37264,7,7,4,0.612245,799,<rdkit.Chem.rdchem.Mol object at 0x177cb1d90>,<rdkit.Chem.rdchem.Mol object at 0x177cf62f0>,5.139646414243179
OCCCN1CCC(Nc2nc(Nc3ccccc3)c3[nH]cnc3n2)CC1,s_27____23046672____10803818,367.5,1.24361,7,7,4,0.612245,796,<rdkit.Chem.rdchem.Mol object at 0x177cb1e70>,<rdkit.Chem.rdchem.Mol object at 0x177cf5d00>,5.960671406407834
CC1(C)CCCC(CCNc2nc(Nc3ccccc3)c3[nH]cnc3n2)O1,s_27____25521076____10803818,366.5,3.467215,6,6,3,0.612245,795,<rdkit.Chem.rdchem.Mol object at 0x177cb1f50>,<rdkit.Chem.rdchem.Mol object at 0x177cf6390>,4.806221947031131
c1ccc(Nc2nc(NCCC3COC4(CCC4)CO3)nc3[nH]cnc23)cc1,s_27____25521666____10803818,380.5,2.535098,6,7,3,0.612245,505,<rdkit.Chem.rdchem.Mol object at 0x177cb2030>,<rdkit.Chem.rdchem.Mol object at 0x177cf5f30>,5.188621947494233
O[C@@H]1CCN(CCCNc2nc(Nc3ccccc3)c3[nH]cnc3n2)C1,s_27____16789782____10803818,353.4,1.18365,7,7,4,0.612245,790,<rdkit.Chem.rdchem.Mol object at 0x177cb2110>,<rdkit.Chem.rdchem.Mol object at 0x177cf6480>,5.007852744090187
CC(C)(C)C1CC(Nc2nc(Nc3ccccc3)c3[nH]cnc3n2)CCO1,s_27____7944786____10803818,366.5,3.490203,5,6,3,0.612245,470,<rdkit.Chem.rdchem.Mol object at 0x177cb21f0>,<rdkit.Chem.rdchem.Mol object at 0x177cf6610>,5.128470926974213
c1ccc(Nc2nc(NC[C@H]3CC[C@@H](C4CC4)O3)nc3[nH]cnc23)cc1,s_27____13467706____10803818,350.4,3.105879,6,6,3,0.612245,744,<rdkit.Chem.rdchem.Mol object at 0x177cb22d0>,<rdkit.Chem.rdchem.Mol object at 0x177cf4b80>,4.821423378071471
COC1(CNc2nc(Nc3ccccc3)c3[nH]cnc3n2)CCCCCC1,s_27____13443312____10803818,366.5,3.967578,6,6,3,0.612245,320,<rdkit.Chem.rdchem.Mol object at 0x177cb23b0>,<rdkit.Chem.rdchem.Mol object at 0x177cf6660>,5.271402890229323
CC(C)(C)COCCCNc1nc(Nc2ccccc2)c2[nH]cnc2n1,s_27____25523476____10803818,354.5,3.482234,9,6,3,0.612245,656,<rdkit.Chem.rdchem.Mol object at 0x177cb2490>,<rdkit.Chem.rdchem.Mol object at 0x177cf65c0>,4.844226021684433
CC(C)(C)O[C@@H]1CC[C@H]1CNc1nc(Nc2ccccc2)c2[nH]cnc2n1,s_27____25541658____10803818,366.5,3.424016,7,6,3,0.612245,689,<rdkit.Chem.rdchem.Mol object at 0x177cb2570>,<rdkit.Chem.rdchem.Mol object at 0x177cf67a0>,4.671424758068261
c1ccc(Nc2nc(NCCCOCC3CCOCC3)nc3[nH]cnc23)cc1,s_27____5506460____10803818,382.5,2.281717,9,7,3,0.612245,441,<rdkit.Chem.rdchem.Mol object at 0x177cb2650>,<rdkit.Chem.rdchem.Mol object at 0x175489ad0>,5.148688874290876
CC(C)(C)O[C@@H]1CCC[C@H]1Nc1nc(Nc2ccccc2)c2[nH]cnc2n1,s_27____22841984____10803818,366.5,3.82383,6,6,3,0.612245,853,<rdkit.Chem.rdchem.Mol object at 0x177cb2730>,<rdkit.Chem.rdchem.Mol object at 0x177cf6930>,5.574686419373047
COC(CNc1nc(Nc2ccccc2)c2[nH]cnc2n1)CC1CCCCC1,s_27____21594584____10803818,380.5,4.340635,8,6,3,0.612245,680,<rdkit.Chem.rdchem.Mol object at 0x177cb2810>,<rdkit.Chem.rdchem.Mol object at 0x177cf6890>,5.3868931562795375
c1ccc(Nc2nc(NC3COC4(CCOCC4)C3)nc3[nH]cnc23)cc1,s_27____25521160____10803818,366.4,1.633127,4,7,3,0.612245,678,<rdkit.Chem.rdchem.Mol object at 0x177cb28f0>,<rdkit.Chem.rdchem.Mol object at 0x177cf68e0>,5.008355891832209
c1ccc(Nc2nc(NCCC3CC4(CCC4)CCO3)nc3[nH]cnc23)cc1,s_27____25522912____10803818,378.5,3.337972,6,6,3,0.612245,673,<rdkit.Chem.rdchem.Mol object at 0x177cb29d0>,<rdkit.Chem.rdchem.Mol object at 0x177cf6980>,5.184143548578141
CC(C)CC1CC(Nc2nc(Nc3ccccc3)c3[nH]cnc3n2)CCO1,s_27____8333290____10803818,366.5,3.478817,6,6,3,0.612245,586,<rdkit.Chem.rdchem.Mol object at 0x177cb2ab0>,<rdkit.Chem.rdchem.Mol object at 0x177c25440>,5.344866565589009
CCOC1(CCNc2nc(Nc3ccccc3)c3[nH]cnc3n2)CCC1,s_27____25523282____10803818,352.4,3.05064,8,6,3,0.612245,593,<rdkit.Chem.rdchem.Mol object at 0x177cb2b90>,<rdkit.Chem.rdchem.Mol object at 0x177cf64d0>,5.18287354735621
C[C@@H](CCOC(C)(C)C)Nc1nc(Nc2ccccc2)c2[nH]cnc2n1,s_27____25526472____10803818,354.5,3.330465,8,6,3,0.612245,668,<rdkit.Chem.rdchem.Mol object at 0x177cb2c70>,<rdkit.Chem.rdchem.Mol object at 0x177cf6b60>,4.727949461491582
COCC[C@H]1CCC[C@@H]1Nc1nc(Nc2ccccc2)c2[nH]cnc2n1,s_27____25526276____10803818,352.4,3.217637,7,6,3,0.612245,389,<rdkit.Chem.rdchem.Mol object at 0x177cb2d50>,<rdkit.Chem.rdchem.Mol object at 0x177cf6bb0>,5.6474481441613475
CC(C)CCO[C@H]1CC[C@H](Nc2nc(Nc3ccccc3)c3[nH]cnc3n2)CC1,s_27____12222502____10803818,394.5,4.513542,8,6,3,0.612245,663,<rdkit.Chem.rdchem.Mol object at 0x177cb2e30>,<rdkit.Chem.rdchem.Mol object at 0x177cf6a20>,6.657196985217264
c1ccc(Nc2nc(NCC3CCC4(CCCCCC4)O3)nc3[nH]cnc23)cc1,s_27____13458816____10803818,392.5,4.433143,5,6,3,0.612245,660,<rdkit.Chem.rdchem.Mol object at 0x177cb2f10>,<rdkit.Chem.rdchem.Mol object at 0x177cf6cf0>,5.2220053002438
CCC12CCC(Nc3nc(Nc4ccccc4)c4[nH]cnc4n3)(CO1)C2,m_27____19140552____10803818,350.4,2.940604,5,6,3,0.612245,393,<rdkit.Chem.rdchem.Mol object at 0x177cb2ff0>,<rdkit.Chem.rdchem.Mol object at 0x177cf6b10>,5.31623682100755
c1ccc(Nc2nc(NCCCOC3CCCCC3)nc3[nH]cnc23)cc1,s_27____131175____10803818,366.5,3.6592,8,6,3,0.612245,650,<rdkit.Chem.rdchem.Mol object at 0x177cb30d0>,<rdkit.Chem.rdchem.Mol object at 0x177cf6ac0>,5.005751271034706
CC1(C)OCCCC1CNc1nc(Nc2ccccc2)c2[nH]cnc2n1,s_27____25523864____10803818,352.4,3.007441,5,6,3,0.612245,443,<rdkit.Chem.rdchem.Mol object at 0x177cb31b0>,<rdkit.Chem.rdchem.Mol object at 0x177cf6de0>,4.564380072507736
CC(O)(CNc1nc(Nc2ccccc2)c2[nH]cnc2n1)C1CCCCO1,s_27____16718198____10803818,368.4,2.360345,6,7,4,0.612245,600,<rdkit.Chem.rdchem.Mol object at 0x177cb3290>,<rdkit.Chem.rdchem.Mol object at 0x177cf6ca0>,5.1874283255468825
CC(C)CCOCCCNc1nc(Nc2ccccc2)c2[nH]cnc2n1,s_27____14244380____10803818,354.5,3.470848,10,6,3,0.612245,399,<rdkit.Chem.rdchem.Mol object at 0x177cb3370>,<rdkit.Chem.rdchem.Mol object at 0x177cf6f20>,4.966350135592636
CCOC(CNc1nc(Nc2ccccc2)c2[nH]cnc2n1)C1CCCOC1,s_27____21593556____10803818,382.5,2.679889,8,7,3,0.612245,645,<rdkit.Chem.rdchem.Mol object at 0x177cb3450>,<rdkit.Chem.rdchem.Mol object at 0x177cf7060>,4.850518640595742
c1ccc(Nc2nc(NCCCC3CCCCO3)nc3[nH]cnc23)cc1,s_27____8767248____10803818,352.4,3.287426,7,6,3,0.612245,644,<rdkit.Chem.rdchem.Mol object at 0x177cb3530>,<rdkit.Chem.rdchem.Mol object at 0x177cf6ed0>,4.687711956806151
CC(C)(C)O[C@H]1C[C@H](CCNc2nc(Nc3ccccc3)c3[nH]cnc3n2)C1,s_27____25543526____10803818,380.5,3.749074,8,6,3,0.612245,431,<rdkit.Chem.rdchem.Mol object at 0x177cb3610>,<rdkit.Chem.rdchem.Mol object at 0x177cf70b0>,5.088732948178968
c1ccc(Nc2nc(NCC3CCCC34CCOCC4)nc3[nH]cnc23)cc1,s_27____13598224____10803818,378.5,3.28121,5,6,3,0.612245,602,<rdkit.Chem.rdchem.Mol object at 0x177cb36f0>,<rdkit.Chem.rdchem.Mol object at 0x177cf7240>,5.166919235839316
CC(C)OC1(CNc2nc(Nc3ccccc3)c3[nH]cnc3n2)CC(C)(C)C1,s_27____25521058____10803818,380.5,3.994321,7,6,3,0.612245,643,<rdkit.Chem.rdchem.Mol object at 0x177cb37d0>,<rdkit.Chem.rdchem.Mol object at 0x177cf7290>,4.8389590626591374
CCC(CC)C(CCNc1nc(Nc2ccccc2)c2[nH]cnc2n1)OC,s_27____7634774____10803818,368.5,4.053137,10,6,3,0.612245,636,<rdkit.Chem.rdchem.Mol object at 0x177cb38b0>,<rdkit.Chem.rdchem.Mol object at 0x177cf7330>,4.79419508734239
CO[C@H]1[C@H](Nc2nc(Nc3ccccc3)c3[nH]cnc3n2)COC12CCC2,s_27____20349660____10803818,366.4,2.534906,5,7,3,0.612245,605,<rdkit.Chem.rdchem.Mol object at 0x177cb3990>,<rdkit.Chem.rdchem.Mol object at 0x177cf69d0>,4.849627253841534
c1ccc(Nc2nc(NCC3CCC4(CCC4)OC3)nc3[nH]cnc23)cc1,s_27____25525590____10803818,364.5,3.144191,5,6,3,0.612245,633,<rdkit.Chem.rdchem.Mol object at 0x177cb3a70>,<rdkit.Chem.rdchem.Mol object at 0x177cf73d0>,4.975186119608658
c1ccc(Nc2nc(NCCCOCC3CCCC3)nc3[nH]cnc23)cc1,s_27____25524232____10803818,366.5,3.529644,9,6,3,0.612245,631,<rdkit.Chem.rdchem.Mol object at 0x177cb3b50>,<rdkit.Chem.rdchem.Mol object at 0x177cf6d90>,5.0057412672622075
CC(C)(C)OC1CCCC(Nc2nc(Nc3ccccc3)c3[nH]cnc3n2)C1,s_27____25530370____10803818,380.5,3.88379,6,6,3,0.612245,628,<rdkit.Chem.rdchem.Mol object at 0x177cb3c30>,<rdkit.Chem.rdchem.Mol object at 0x177cf7470>,6.647642904161818
CC(COCC1CCCCC1)Nc1nc(Nc2ccccc2)c2[nH]cnc2n1,s_27____13163102____10803818,380.5,4.330828,8,6,3,0.612245,627,<rdkit.Chem.rdchem.Mol object at 0x177cb3d10>,<rdkit.Chem.rdchem.Mol object at 0x177cf7650>,4.690241486821992
COC(CNc1nc(Nc2ccccc2)c2[nH]cnc2n1)C1CCCOC1,s_27____13903878____10803818,368.4,2.323081,7,7,3,0.612245,693,<rdkit.Chem.rdchem.Mol object at 0x177cb3df0>,<rdkit.Chem.rdchem.Mol object at 0x177cf7010>,4.9717039418865925
c1ccc(Nc2nc(NC3CCOC4(CCCCC4)C3)nc3[nH]cnc23)cc1,s_27____7346342____10803818,378.5,3.531171,4,6,3,0.612245,696,<rdkit.Chem.rdchem.Mol object at 0x177cb3ed0>,<rdkit.Chem.rdchem.Mol object at 0x177cf7560>,5.595153530143405
c1ccc(Nc2nc(NCC3COC4(CCC4)C3)nc3[nH]cnc23)cc1,m_27____25524420____10803818,350.4,2.699622,5,6,3,0.612245,516,<rdkit.Chem.rdchem.Mol object at 0x177cd8040>,<rdkit.Chem.rdchem.Mol object at 0x177cf7420>,5.0411917654186045
OCCOC1(CNc2nc(Nc3ccccc3)c3[nH]cnc3n2)CCCCC1,s_27____13579120____10803818,382.5,2.832907,8,7,4,0.612245,739,<rdkit.Chem.rdchem.Mol object at 0x177cd8120>,<rdkit.Chem.rdchem.Mol object at 0x177cf76f0>,5.0030467893813615
c1ccc(Nc2nc(NC[C@H]3C[C@H]4COC[C@@H](C3)C4)nc3[nH]cnc23)cc1,m_27____25523998____10803818,364.5,2.979521,5,6,3,0.612245,323,<rdkit.Chem.rdchem.Mol object at 0x177cd8200>,<rdkit.Chem.rdchem.Mol object at 0x177cf78d0>,5.090652105549753
CC(C)(C)[C@@H]1OCC[C@H]1CNc1nc(Nc2ccccc2)c2[nH]cnc2n1,s_27____25525998____10803818,366.5,3.547792,6,6,3,0.612245,768,<rdkit.Chem.rdchem.Mol object at 0x177cd8350>,<rdkit.Chem.rdchem.Mol object at 0x177cf7920>,4.6447484078275
COCC12CC(Nc3nc(Nc4ccccc4)c4[nH]cnc4n3)(CO1)C2,s_27____19885886____10803818,352.4,1.496936,6,7,3,0.612245,328,<rdkit.Chem.rdchem.Mol object at 0x177cd8430>,<rdkit.Chem.rdchem.Mol object at 0x177cf74c0>,5.334099393562849
CC(C)(C)O[C@@H]1CC[C@H](Nc2nc(Nc3ccccc3)c3[nH]cnc3n2)C1,s_27____22842088____10803818,366.5,3.439221,6,6,3,0.612245,521,<rdkit.Chem.rdchem.Mol object at 0x177cd8510>,<rdkit.Chem.rdchem.Mol object at 0x177cf79c0>,5.451819674556272
CC1(C)CC(CNc2nc(Nc3ccccc3)c3[nH]cnc3n2)CC(C)(C)O1,s_27____14650434____10803818,380.5,3.663036,5,6,3,0.612245,333,<rdkit.Chem.rdchem.Mol object at 0x177cd85f0>,<rdkit.Chem.rdchem.Mol object at 0x177cf7ab0>,4.764577300519572
c1ccc(Nc2nc(NCCCC3CCOCC3)nc3[nH]cnc23)cc1,s_27____10639884____10803818,352.4,3.079916,7,6,3,0.612245,757,<rdkit.Chem.rdchem.Mol object at 0x177cd86d0>,<rdkit.Chem.rdchem.Mol object at 0x177cf7790>,4.784163748048678
O[C@@]1(CNc2nc(Nc3ccccc3)c3[nH]cnc3n2)C[C@H]2CC[C@@H]1O2,s_27____25525064____10803818,352.4,1.50717,5,7,4,0.612245,756,<rdkit.Chem.rdchem.Mol object at 0x177cd87b0>,<rdkit.Chem.rdchem.Mol object at 0x177cf7510>,5.303577776420079
CC(C)(C)OCC(O)CNc1nc(Nc2ccccc2)c2[nH]cnc2n1,s_27____25523000____10803818,356.4,2.223595,8,7,4,0.612245,529,<rdkit.Chem.rdchem.Mol object at 0x177cd8900>,<rdkit.Chem.rdchem.Mol object at 0x177cf6c50>,4.752749437870037
c1ccc(Nc2nc(NCC3CCCC4(CCOC4)O3)nc3[nH]cnc23)cc1,s_27____14051036____10803818,380.5,2.535098,5,7,3,0.612245,530,<rdkit.Chem.rdchem.Mol object at 0x177cd89e0>,<rdkit.Chem.rdchem.Mol object at 0x177cf7c90>,5.1391413073030865
OC(CCNc1nc(Nc2ccccc2)c2[nH]cnc2n1)C1CCOCC1,s_27____25522592____10803818,368.4,1.698357,7,7,4,0.612245,543,<rdkit.Chem.rdchem.Mol object at 0x177cd8ac0>,<rdkit.Chem.rdchem.Mol object at 0x177cf7a60>,5.375462999703313
c1ccc(Nc2nc(NCC3CCC4(CCOCC4)CC3)nc3[nH]cnc23)cc1,s_27____25525450____10803818,392.5,3.725779,5,6,3,0.612245,747,<rdkit.Chem.rdchem.Mol object at 0x177cd8ba0>,<rdkit.Chem.rdchem.Mol object at 0x177cf7dd0>,4.821781344537668
COCC1(CNc2nc(Nc3ccccc3)c3[nH]cnc3n2)CCCCCC1,s_27____25809956____10803818,380.5,4.146154,7,6,3,0.612245,344,<rdkit.Chem.rdchem.Mol object at 0x177cd8c80>,<rdkit.Chem.rdchem.Mol object at 0x177cf7f10>,5.1629533088259
c1ccc(Nc2nc(NCC3COCC34CCC4)nc3[nH]cnc23)cc1,s_27____25529688____10803818,350.4,2.589537,5,6,3,0.612245,745,<rdkit.Chem.rdchem.Mol object at 0x177cd8d60>,<rdkit.Chem.rdchem.Mol object at 0x177cf7d80>,4.690329184294916
CC(C)(C)C1OCCCC1Nc1nc(Nc2ccccc2)c2[nH]cnc2n1,s_27____25526168____10803818,366.5,3.947606,5,6,3,0.612245,738,<rdkit.Chem.rdchem.Mol object at 0x177cd8e40>,<rdkit.Chem.rdchem.Mol object at 0x177cf7f60>,5.507628444157758
c1ccc(Nc2nc(NCC3CCOCC34CCCC4)nc3[nH]cnc23)cc1,s_27____14720372____10803818,378.5,3.437118,5,6,3,0.612245,697,<rdkit.Chem.rdchem.Mol object at 0x177cd8f20>,<rdkit.Chem.rdchem.Mol object at 0x177cf7a10>,5.146353672505587
c1ccc(Nc2nc(NC[C@H]3C[C@H]4O[C@@H]3[C@@H]3C[C@@H]34)nc3[nH]cnc23)cc1,s_27____15416626____10803818,348.4,2.212703,5,6,3,0.612245,556,<rdkit.Chem.rdchem.Mol object at 0x177cd9000>,<rdkit.Chem.rdchem.Mol object at 0x177cf7b50>,4.953095256242162
CCOC(CNc1nc(Nc2ccccc2)c2[nH]cnc2n1)C1CCOC1,s_27____17757172____10803818,368.4,2.23532,8,7,3,0.612245,733,<rdkit.Chem.rdchem.Mol object at 0x177cd9150>,<rdkit.Chem.rdchem.Mol object at 0x177cf7fb0>,4.79691280491005
c1ccc(Nc2nc(N[C@H]3CC[C@H](OC4CCCC4)CC3)nc3[nH]cnc23)cc1,s_27____25525630____10803818,392.5,4.257326,6,6,3,0.612245,557,<rdkit.Chem.rdchem.Mol object at 0x177cd9230>,<rdkit.Chem.rdchem.Mol object at 0x177cf7ec0>,5.819702326804858
COCC(C)(C)CCCNc1nc(Nc2ccccc2)c2[nH]cnc2n1,s_27____10210274____10803818,354.5,3.564835,9,6,3,0.612245,732,<rdkit.Chem.rdchem.Mol object at 0x177cd9380>,<rdkit.Chem.rdchem.Mol object at 0x177cf7c40>,4.956404153381847
CC12CCC(Nc3nc(Nc4ccccc4)c4[nH]cnc4n3)(CC1)CO2,m_27____25557544____10803818,350.4,2.935445,4,6,3,0.612245,452,<rdkit.Chem.rdchem.Mol object at 0x177cd9460>,<rdkit.Chem.rdchem.Mol object at 0x3313ec310>,4.981820038588253
CCC(CC)C(CNc1nc(Nc2ccccc2)c2[nH]cnc2n1)OC,s_27____21595212____10803818,354.5,3.993178,9,6,3,0.612245,728,<rdkit.Chem.rdchem.Mol object at 0x177cd9540>,<rdkit.Chem.rdchem.Mol object at 0x177cf67f0>,4.942947662100794
CC1([C@@H]2C[C@H]2Nc2nc(Nc3ccccc3)c3[nH]cnc3n2)CCOCC1,s_27____25541396____10803818,364.5,2.886602,5,6,3,0.612245,559,<rdkit.Chem.rdchem.Mol object at 0x177cd9620>,<rdkit.Chem.rdchem.Mol object at 0x3313ec180>,5.3008329578003535
CC(C)(C)O[C@@H]1C[C@H](Nc2nc(Nc3ccccc3)c3[nH]cnc3n2)C1(C)C,s_27____10975362____10803818,380.5,3.893534,6,6,3,0.612245,720,<rdkit.Chem.rdchem.Mol object at 0x177cd9700>,<rdkit.Chem.rdchem.Mol object at 0x3313ec450>,5.26336793173018
c1ccc(Nc2nc(NCC3CCC4COCC4O3)nc3[nH]cnc23)cc1,s_27____25523534____10803818,366.4,2.211323,5,7,3,0.612245,563,<rdkit.Chem.rdchem.Mol object at 0x177cd9850>,<rdkit.Chem.rdchem.Mol object at 0x3313ec1d0>,5.007793941818795
c1ccc(Nc2nc(NCCCOC3CCCC3)nc3[nH]cnc23)cc1,s_27____2307566____10803818,352.4,3.214632,8,6,3,0.612245,567,<rdkit.Chem.rdchem.Mol object at 0x177cd9930>,<rdkit.Chem.rdchem.Mol object at 0x3313ec540>,4.784094866316586
c1ccc(Nc2nc(NCC3OC4CCC3CC4)nc3[nH]cnc23)cc1,m_27____25525608____10803818,350.4,3.105879,5,6,3,0.612245,709,<rdkit.Chem.rdchem.Mol object at 0x177cd9a10>,<rdkit.Chem.rdchem.Mol object at 0x3313ec590>,4.956657829167072
OCCCN1CCC(Nc2nc(Nc3ccccc3)c3[nH]cnc3n2)C1,s_27____25521530____10803818,353.4,1.18365,7,7,4,0.612245,580,<rdkit.Chem.rdchem.Mol object at 0x177cd9af0>,<rdkit.Chem.rdchem.Mol object at 0x3313ec680>,5.511621783205702
COC1(CNc2nc(Nc3ccccc3)c3[nH]cnc3n2)CCC(C)CC1,s_27____9580842____10803818,366.5,3.810028,6,6,3,0.612245,698,<rdkit.Chem.rdchem.Mol object at 0x177cd9bd0>,<rdkit.Chem.rdchem.Mol object at 0x3313ec2c0>,5.185549228347677
CC(O)(CNc1nc(Nc2ccccc2)c2[nH]cnc2n1)C1CCCOC1,s_27____16718264____10803818,368.4,1.960531,6,7,4,0.612245,685,<rdkit.Chem.rdchem.Mol object at 0x177cd9cb0>,<rdkit.Chem.rdchem.Mol object at 0x3313ec7c0>,5.186479911098893
c1ccc(Nc2nc(NCCOCC3CCCC3)nc3[nH]cnc23)cc1,s_27____10890984____10803818,352.4,3.469685,8,6,3,0.612245,707,<rdkit.Chem.rdchem.Mol object at 0x177cd9d90>,<rdkit.Chem.rdchem.Mol object at 0x3313ec6d0>,4.532795317232289
CC1(C)CCCOC1CCNc1nc(Nc2ccccc2)c2[nH]cnc2n1,s_27____15075560____10803818,366.5,3.513037,6,6,3,0.612245,271,<rdkit.Chem.rdchem.Mol object at 0x177cd9e70>,<rdkit.Chem.rdchem.Mol object at 0x3313ec950>,4.748724641896458
CCO[C@@H]1CCCCC[C@H]1Nc1nc(Nc2ccccc2)c2[nH]cnc2n1,s_27____14787706____10803818,366.5,4.015816,6,6,3,0.612245,1203,<rdkit.Chem.rdchem.Mol object at 0x177cd9f50>,<rdkit.Chem.rdchem.Mol object at 0x3313ec9a0>,5.652977842908178
CCOC1(CNc2nc(Nc3ccccc3)c3[nH]cnc3n2)CCCCC1,s_27____17762726____10803818,366.5,3.879817,7,6,3,0.612245,115,<rdkit.Chem.rdchem.Mol object at 0x177cda030>,<rdkit.Chem.rdchem.Mol object at 0x3313ec4f0>,5.030478508782847
CC1(OCCNc2nc(Nc3ccccc3)c3[nH]cnc3n2)CCCC1,s_27____13599068____10803818,352.4,3.435249,7,6,3,0.612245,1177,<rdkit.Chem.rdchem.Mol object at 0x177cda110>,<rdkit.Chem.rdchem.Mol object at 0x3313eca40>,5.2434552630636295
COC1(CNc2nc(Nc3ccccc3)c3[nH]cnc3n2)CCCCCCC1,s_27____16919926____10803818,380.5,4.412147,6,6,3,0.612245,1178,<rdkit.Chem.rdchem.Mol object at 0x177cda1f0>,<rdkit.Chem.rdchem.Mol object at 0x3313ecb80>,5.215996155426204
CC1COCC(CCNc2nc(Nc3ccccc3)c3[nH]cnc3n2)O1,s_27____25523224____10803818,354.4,2.117772,6,7,3,0.612245,1182,<rdkit.Chem.rdchem.Mol object at 0x177cda2d0>,<rdkit.Chem.rdchem.Mol object at 0x3313ec900>,4.685655208425122
O[C@H]1[C@H](Nc2nc(Nc3ccccc3)c3[nH]cnc3n2)COC12CCC2,m_27____21000918____10803818,352.4,1.891779,4,7,4,0.612245,108,<rdkit.Chem.rdchem.Mol object at 0x177cda3b0>,<rdkit.Chem.rdchem.Mol object at 0x3313ecbd0>,5.0557662346944285
CN1CCC(C(C)(O)CNc2nc(Nc3ccccc3)c3[nH]cnc3n2)CC1,s_27____25525338____10803818,381.5,1.984594,6,7,4,0.612245,1192,<rdkit.Chem.rdchem.Mol object at 0x177cda490>,<rdkit.Chem.rdchem.Mol object at 0x3313ecd60>,4.832833739413702
c1ccc(Nc2nc(N[C@H]3CC[C@@H](OC4CCCC4)C3)nc3[nH]cnc23)cc1,s_27____26263090____10803818,378.5,3.739963,6,6,3,0.612245,1194,<rdkit.Chem.rdchem.Mol object at 0x177cda570>,<rdkit.Chem.rdchem.Mol object at 0x3313ecc20>,5.163512026392483
CC1(C)OC2(CNc3nc(Nc4ccccc4)c4[nH]cnc4n3)CCC1CC2,s_27____20031114____10803818,378.5,3.667032,5,6,3,0.612245,1197,<rdkit.Chem.rdchem.Mol object at 0x177cda6c0>,<rdkit.Chem.rdchem.Mol object at 0x3313ece00>,5.057914479551838
CC1(C)CCC(CCNc2nc(Nc3ccccc3)c3[nH]cnc3n2)O1,s_27____25523896____10803818,352.4,3.022646,6,6,3,0.612245,1206,<rdkit.Chem.rdchem.Mol object at 0x177cda7a0>,<rdkit.Chem.rdchem.Mol object at 0x3313ec860>,4.911126592004953
CC(CC1CCCCO1)Nc1nc(Nc2ccccc2)c2[nH]cnc2n1,m_27____25526212____10803818,352.4,3.186638,6,6,3,0.612245,118,<rdkit.Chem.rdchem.Mol object at 0x177cda880>,<rdkit.Chem.rdchem.Mol object at 0x3313ecb30>,4.589660630159559
CC1CC(CCNc2nc(Nc3ccccc3)c3[nH]cnc3n2)CC(C)O1,s_27____9876646____10803818,366.5,3.468497,6,6,3,0.612245,100,<rdkit.Chem.rdchem.Mol object at 0x177cda960>,<rdkit.Chem.rdchem.Mol object at 0x3313ecfe0>,5.18812507737015
COCC(C)(CNc1nc(Nc2ccccc2)c2[nH]cnc2n1)COC,s_27____25520938____10803818,356.4,2.19396,9,7,3,0.612245,1211,<rdkit.Chem.rdchem.Mol object at 0x177cdaa40>,<rdkit.Chem.rdchem.Mol object at 0x3313ec630>,5.005517158021448
c1ccc(Nc2nc(NCC3(CC4CC4)CCOCC3)nc3[nH]cnc23)cc1,s_27____25810066____10803818,378.5,3.359164,7,6,3,0.612245,95,<rdkit.Chem.rdchem.Mol object at 0x177cdab20>,<rdkit.Chem.rdchem.Mol object at 0x3313ed030>,5.144682855273095
CC(C)(CNc1nc(Nc2ccccc2)c2[nH]cnc2n1)C1CCOC1,s_27____25523762____10803818,352.4,3.011706,6,6,3,0.612245,94,<rdkit.Chem.rdchem.Mol object at 0x177cdac00>,<rdkit.Chem.rdchem.Mol object at 0x3313ecc70>,4.98977424163417
COC(C)(CNc1nc(Nc2ccccc2)c2[nH]cnc2n1)C1CCOCC1,s_27____20762476____10803818,382.5,2.562101,7,7,3,0.612245,1217,<rdkit.Chem.rdchem.Mol object at 0x177cdace0>,<rdkit.Chem.rdchem.Mol object at 0x3313ed1c0>,4.864838683386722
CC(C)(C)C(CNc1nc(Nc2ccccc2)c2[nH]cnc2n1)OCCO,s_27____15111506____10803818,370.5,2.791939,9,7,4,0.612245,1233,<rdkit.Chem.rdchem.Mol object at 0x177cdadc0>,<rdkit.Chem.rdchem.Mol object at 0x3313ece50>,5.017357946124727
OCCN(CC1CCCCC1)c1nc(Nc2ccccc2)c2[nH]cnc2n1,s_27____25457226____10803818,366.5,3.906393,7,6,3,0.612245,1235,<rdkit.Chem.rdchem.Mol object at 0x177cdaea0>,<rdkit.Chem.rdchem.Mol object at 0x3313ed300>,4.61638739018314
CO[C@H]1[C@H](Nc2nc(Nc3ccccc3)c3[nH]cnc3n2)COC1(C)C,m_27____18799958____10803818,354.4,2.398156,5,7,3,0.612245,87,<rdkit.Chem.rdchem.Mol object at 0x177cdaf80>,<rdkit.Chem.rdchem.Mol object at 0x3313ecea0>,5.169486988836943
CCOC1CCC(C(C)Nc2nc(Nc3ccccc3)c3[nH]cnc3n2)CC1,m_27____25526274____10803818,380.5,3.99102,7,6,3,0.612245,116,<rdkit.Chem.rdchem.Mol object at 0x177cdb060>,<rdkit.Chem.rdchem.Mol object at 0x3313ed440>,5.0038538043574645
CC1(CCNc2nc(Nc3ccccc3)c3[nH]cnc3n2)CCOCC1,s_27____25523686____10803818,352.4,2.935395,6,6,3,0.612245,120,<rdkit.Chem.rdchem.Mol object at 0x177cdb140>,<rdkit.Chem.rdchem.Mol object at 0x3313ed170>,5.214356374308463
c1ccc(Nc2nc(NCC3CCC4COCCC4O3)nc3[nH]cnc23)cc1,s_27____25521532____10803818,380.5,2.271283,5,7,3,0.612245,157,<rdkit.Chem.rdchem.Mol object at 0x177cdb220>,<rdkit.Chem.rdchem.Mol object at 0x3313ed4e0>,5.166455321665066
CCC(CC)C1CC(Nc2nc(Nc3ccccc3)c3[nH]cnc3n2)CCO1,s_27____8366568____10803818,380.5,4.001339,7,6,3,0.612245,1147,<rdkit.Chem.rdchem.Mol object at 0x177cdb300>,<rdkit.Chem.rdchem.Mol object at 0x3313ed670>,5.48205315892221
