ID,SMILES_Prepared,Molecule_Prepared,SMILES,CatalogID,MW,LOGP,Rotating_bonds,HB_acceptors,HB_donors,index_ID,fp_similarity,aligned_mol,RMSD
,C[C@H](Nc1nc(Nc2ccccc2)c2[nH]cnc2n1)C1=NO[C@H]2COC[C@@H]12,<rdkit.Chem.rdchem.Mol object at 0x1648e61f0>,CC(Nc1nc(Nc2ccccc2)c2[nH]cnc2n1)C1=NO[C@H]2COC[C@@H]12,m_27____16810052____10803818,365.4,2.342684741,5,8,3,287,0.31666666666666665,<rdkit.Chem.rdchem.Mol object at 0x175236f10>,5.439164277493729
,c1ccc(Nc2nc(NCC3=NO[C@H]4COC[C@@H]34)nc3[nH]cnc23)cc1,<rdkit.Chem.rdchem.Mol object at 0x1648e6180>,c1ccc(Nc2nc(NCC3=NO[C@H]4COC[C@@H]34)nc3nc[nH]c23)cc1,s_27____16721744____10803818,351.4,1.7739204986666666,5,8,3,899,0.31666666666666665,<rdkit.Chem.rdchem.Mol object at 0x175236ab0>,4.919080977106275
,c1ccc(Nc2nc(N3CCO[C@@H](C4CCCC4)C3)nc3[nH]cnc23)cc1,<rdkit.Chem.rdchem.Mol object at 0x1648e62d0>,c1ccc(Nc2nc(N3CCOC(C4CCCC4)C3)nc3nc[nH]c23)cc1,s_27____25520794____10803818,364.5,3.993192600999999,4,6,2,749,0.2909090909090909,<rdkit.Chem.rdchem.Mol object at 0x175236810>,4.8347306317680205
,c1ccc(Nc2nc(NCCN3C[C@H]4CC[C@@H](C3)O4)nc3[nH]cnc23)cc1,<rdkit.Chem.rdchem.Mol object at 0x1648e63b0>,c1ccc(Nc2nc(NCCN3CC4CCC(C3)O4)nc3nc[nH]c23)cc1,s_27____10746442____10803818,365.4,2.1724213253333335,6,7,3,162,0.2909090909090909,<rdkit.Chem.rdchem.Mol object at 0x175237840>,5.0298212551749995
,c1ccc(Nc2nc(NCC3(N4CCCCC4)CCOCC3)nc3[nH]cnc23)cc1,<rdkit.Chem.rdchem.Mol object at 0x1648e6490>,c1ccc(Nc2nc(NCC3(N4CCCCC4)CCOCC3)nc3nc[nH]c23)cc1,s_27____5181522____10803818,407.5,2.476631265127038,6,7,3,770,0.2909090909090909,<rdkit.Chem.rdchem.Mol object at 0x1752367a0>,4.710371615860778
,c1ccc(Nc2nc(N[C@@H]3CCN(CC4CCOCC4)C3)nc3[nH]cnc23)cc1,<rdkit.Chem.rdchem.Mol object at 0x1648e6570>,c1ccc(Nc2nc(NC3CCN(CC4CCOCC4)C3)nc3nc[nH]c23)cc1,s_27____21397900____10803818,393.5,2.1057675955522552,6,7,3,773,0.2909090909090909,<rdkit.Chem.rdchem.Mol object at 0x175236730>,4.970612767887784
,C[C@@H]1CN(CCCNc2nc(Nc3ccccc3)c3[nH]cnc3n2)C[C@H](C)O1,<rdkit.Chem.rdchem.Mol object at 0x1648e6650>,CC1CN(CCCNc2nc(Nc3ccccc3)c3[nH]cnc3n2)CC(C)O1,s_27____245014____10803818,381.5,2.5401995069999996,7,7,3,779,0.2909090909090909,<rdkit.Chem.rdchem.Mol object at 0x1752366c0>,5.010169846097101
,C[C@@H](CCN1CCOCC1)Nc1nc(Nc2ccccc2)c2[nH]cnc2n1,<rdkit.Chem.rdchem.Mol object at 0x1648e6730>,CC(CCN1CCOCC1)Nc1nc(Nc2ccccc2)c2[nH]cnc2n1,s_27____25526482____10803818,367.5,2.123624482333333,7,7,3,156,0.2909090909090909,<rdkit.Chem.rdchem.Mol object at 0x1752365e0>,4.7404398308680635
,c1ccc(Nc2nc(NCC3CCN(C4CCOCC4)CC3)nc3[nH]cnc23)cc1,<rdkit.Chem.rdchem.Mol object at 0x1648e6810>,c1ccc(Nc2nc(NCC3CCN(C4CCOCC4)CC3)nc3nc[nH]c23)cc1,s_27____11947970____10803818,407.5,2.1238957861208725,6,7,3,932,0.2909090909090909,<rdkit.Chem.rdchem.Mol object at 0x175236570>,4.9475705388893365
,CC(C)(C)OC[C@H]1CCCN(c2nc(Nc3ccccc3)c3[nH]cnc3n2)C1,<rdkit.Chem.rdchem.Mol object at 0x1648e6960>,CC(C)(C)OCC1CCCN(c2nc(Nc3ccccc3)c3[nH]cnc3n2)C1,s_27____15732900____10803818,380.5,3.9995145989999994,6,6,2,810,0.2909090909090909,<rdkit.Chem.rdchem.Mol object at 0x175236650>,4.856445840209925
,C[C@@H]1COCCN1[C@@H](C)CNc1nc(Nc2ccccc2)c2[nH]cnc2n1,<rdkit.Chem.rdchem.Mol object at 0x1648e68f0>,CC(CNc1nc(Nc2ccccc2)c2[nH]cnc2n1)N1CCOCC1C,s_27____4821040____10803818,367.5,2.4802397679999997,6,7,3,823,0.2909090909090909,<rdkit.Chem.rdchem.Mol object at 0x175236500>,5.0268368147032145
,c1ccc(Nc2nc(NCCCN3CCCOCC3)nc3[nH]cnc23)cc1,<rdkit.Chem.rdchem.Mol object at 0x1648e6b20>,c1ccc(Nc2nc(NCCCN3CCCOCC3)nc3nc[nH]c23)cc1,s_27____14687796____10803818,367.5,1.7670091966666654,7,7,3,135,0.2909090909090909,<rdkit.Chem.rdchem.Mol object at 0x175236490>,4.843297602403053
,COCC1CCN(CCNc2nc(Nc3ccccc3)c3[nH]cnc3n2)CC1,<rdkit.Chem.rdchem.Mol object at 0x1648e6ab0>,COCC1CCN(CCNc2nc(Nc3ccccc3)c3[nH]cnc3n2)CC1,s_27____25522976____10803818,381.5,2.287377015333332,8,7,3,878,0.2909090909090909,<rdkit.Chem.rdchem.Mol object at 0x1752363b0>,5.213314425376294
,C[C@H](Nc1nc(Nc2ccccc2)c2[nH]cnc2n1)[C@H](C)N1CCOCC1,<rdkit.Chem.rdchem.Mol object at 0x1648e6ce0>,CC(Nc1nc(Nc2ccccc2)c2[nH]cnc2n1)C(C)N1CCOCC1,s_27____3490380____10803818,367.5,2.4802397679999997,6,7,3,132,0.2909090909090909,<rdkit.Chem.rdchem.Mol object at 0x1752362d0>,5.434750774660925
,COCCN1CCC(CNc2nc(Nc3ccccc3)c3[nH]cnc3n2)CC1,<rdkit.Chem.rdchem.Mol object at 0x1648e6c70>,COCCN1CCC(CNc2nc(Nc3ccccc3)c3[nH]cnc3n2)CC1,s_27____2907126____10803818,381.5,2.287377015333332,8,7,3,881,0.2909090909090909,<rdkit.Chem.rdchem.Mol object at 0x175236420>,5.201485198990478
,c1ccc(Nc2nc(NCC3(N4CCOCC4)CCC3)nc3[nH]cnc23)cc1,<rdkit.Chem.rdchem.Mol object at 0x1648e6e30>,c1ccc(Nc2nc(NCC3(N4CCOCC4)CCC3)nc3nc[nH]c23)cc1,s_27____20068132____10803818,379.5,2.480991634,6,7,3,896,0.2909090909090909,<rdkit.Chem.rdchem.Mol object at 0x175236340>,5.24443864514877
,c1ccc(Nc2nc(NC[C@H]3CN[C@@H]4COC[C@H]4O3)nc3[nH]cnc23)cc1,<rdkit.Chem.rdchem.Mol object at 0x1648e6f10>,c1ccc(Nc2nc(NC[C@H]3CN[C@@H]4COC[C@H]4O3)nc3nc[nH]c23)cc1,s_270166____20318022____17625750,367.4,1.224842539666667,5,8,4,153,0.2909090909090909,<rdkit.Chem.rdchem.Mol object at 0x175236260>,5.089067638308661
,c1ccc(Nc2nc(N3CCCC[C@H](C4CCOCC4)C3)nc3[nH]cnc23)cc1,<rdkit.Chem.rdchem.Mol object at 0x1648e7060>,c1ccc(Nc2nc(N3CCCCC(C4CCOCC4)C3)nc3nc[nH]c23)cc1,s_27____12914126____10803818,392.5,4.051190432666667,4,6,2,940,0.2909090909090909,<rdkit.Chem.rdchem.Mol object at 0x1752361f0>,5.223070048451256
,CC(C)[C@H](CNc1nc(Nc2ccccc2)c2[nH]cnc2n1)N1CCOCC1,<rdkit.Chem.rdchem.Mol object at 0x1648e7140>,CC(C)C(CNc1nc(Nc2ccccc2)c2[nH]cnc2n1)N1CCOCC1,s_27____261206____10803818,381.5,2.951159964666666,7,7,3,1140,0.2909090909090909,<rdkit.Chem.rdchem.Mol object at 0x175236180>,5.249835809441981
,c1ccc(Nc2nc(NCCC[C@@H]3CNCCO3)nc3[nH]cnc23)cc1,<rdkit.Chem.rdchem.Mol object at 0x1648e7220>,c1ccc(Nc2nc(NCCCC3CNCCO3)nc3nc[nH]c23)cc1,s_270166____17760740____17625750,353.4,1.901131261333334,7,7,4,92,0.2909090909090909,<rdkit.Chem.rdchem.Mol object at 0x175236110>,4.742464040136967
,C[C@]1(N2CCOCC2)CC[C@@H](Nc2nc(Nc3ccccc3)c3[nH]cnc3n2)CC1,<rdkit.Chem.rdchem.Mol object at 0x1648e7300>,CC1(N2CCOCC2)CCC(Nc2nc(Nc3ccccc3)c3[nH]cnc3n2)CC1,s_27____13447660____10803818,407.5,3.030320403666667,5,7,3,1122,0.2909090909090909,<rdkit.Chem.rdchem.Mol object at 0x1752360a0>,6.824742770020294
,c1ccc(Nc2nc(N[C@H]3CC[C@H](N4CCOCC4)CC3)nc3[nH]cnc23)cc1,<rdkit.Chem.rdchem.Mol object at 0x1648e7450>,c1ccc(Nc2nc(N[C@H]3CC[C@H](N4CCOCC4)CC3)nc3nc[nH]c23)cc1,s_27____16607402____10803818,393.5,2.749743735333332,5,7,3,1096,0.2909090909090909,<rdkit.Chem.rdchem.Mol object at 0x175236030>,5.643766831667734
,C[C@@H](CCNc1nc(Nc2ccccc2)c2[nH]cnc2n1)N1CCOCC1,<rdkit.Chem.rdchem.Mol object at 0x1648e75a0>,CC(CCNc1nc(Nc2ccccc2)c2[nH]cnc2n1)N1CCOCC1,s_27____25521744____10803818,367.5,2.123624482333333,7,7,3,86,0.2909090909090909,<rdkit.Chem.rdchem.Mol object at 0x175235fc0>,5.2807969679155775
,c1ccc(Nc2nc(NC[C@H]3CN4CCC[C@@H]4CO3)nc3[nH]cnc23)cc1,<rdkit.Chem.rdchem.Mol object at 0x1648e7680>,c1ccc(Nc2nc(NC[C@H]3CN4CCC[C@@H]4CO3)nc3nc[nH]c23)cc1,s_27____25521324____10803818,365.4,2.1724213253333335,5,7,3,1074,0.2909090909090909,<rdkit.Chem.rdchem.Mol object at 0x175236ce0>,4.924234305787273
,COC[C@H]1CCCN(CCNc2nc(Nc3ccccc3)c3[nH]cnc3n2)C1,<rdkit.Chem.rdchem.Mol object at 0x1648e7760>,COCC1CCCN(CCNc2nc(Nc3ccccc3)c3[nH]cnc3n2)C1,s_27____25523668____10803818,381.5,2.3289337423333323,8,7,3,1055,0.2909090909090909,<rdkit.Chem.rdchem.Mol object at 0x175236d50>,5.0932018621912265
,c1ccc(Nc2nc(NCCCCN3CCOCC3)nc3[nH]cnc23)cc1,<rdkit.Chem.rdchem.Mol object at 0x1648e7840>,c1ccc(Nc2nc(NCCCCN3CCOCC3)nc3nc[nH]c23)cc1,s_27____782912____10803818,367.5,2.224412128666666,8,7,3,90,0.2909090909090909,<rdkit.Chem.rdchem.Mol object at 0x175236dc0>,4.611888614938823
,c1ccc(Nc2nc(N3CCC(OCC[C@H]4CCCNC4)CC3)nc3[nH]cnc23)cc1,<rdkit.Chem.rdchem.Mol object at 0x1648e7920>,c1ccc(Nc2nc(N3CCC(OCCC4CCCNC4)CC3)nc3nc[nH]c23)cc1,s_270166____20633202____17625750,421.5,2.736656868136343,7,7,3,1050,0.2909090909090909,<rdkit.Chem.rdchem.Mol object at 0x175237060>,4.8168534208479965
,c1ccc(Nc2nc(NCC3(N4CCOCC4)CCCC3)nc3[nH]cnc23)cc1,<rdkit.Chem.rdchem.Mol object at 0x1648e7a00>,c1ccc(Nc2nc(NCC3(N4CCOCC4)CCCC3)nc3nc[nH]c23)cc1,s_27____16505712____10803818,393.5,2.9255602989999994,6,7,3,954,0.2909090909090909,<rdkit.Chem.rdchem.Mol object at 0x175236b90>,4.580510078927395
,c1ccc(Nc2nc(N[C@@H]3CCCN(CCN4CCOCC4)C3)nc3[nH]cnc23)cc1,<rdkit.Chem.rdchem.Mol object at 0x1648e7ae0>,c1ccc(Nc2nc(NC3CCCN(CCN4CCOCC4)C3)nc3nc[nH]c23)cc1,s_27____12911716____10803818,422.5,2.1312987776666654,7,8,3,1018,0.2909090909090909,<rdkit.Chem.rdchem.Mol object at 0x1752371b0>,5.836012823459927
,C[C@@H]1CN(C[C@@H](O)CNc2nc(Nc3ccccc3)c3[nH]cnc3n2)C[C@H](C)O1,<rdkit.Chem.rdchem.Mol object at 0x1648e7bc0>,C[C@@H]1CN(CC(O)CNc2nc(Nc3ccccc3)c3[nH]cnc3n2)C[C@H](C)O1,s_27____21047706____10803818,397.5,1.849904825999999,7,8,4,101,0.2909090909090909,<rdkit.Chem.rdchem.Mol object at 0x175237220>,4.9525507712076395
,COCCCCN1CCC(Nc2nc(Nc3ccccc3)c3[nH]cnc3n2)CC1,<rdkit.Chem.rdchem.Mol object at 0x1648e7d10>,COCCCCN1CCC(Nc2nc(Nc3ccccc3)c3[nH]cnc3n2)CC1,s_27____25524188____10803818,395.5,2.404098676666666,9,7,3,1006,0.2909090909090909,<rdkit.Chem.rdchem.Mol object at 0x1752370d0>,6.207600289213546
,c1ccc(Nc2nc(NC[C@H]([C@@H]3CCOC3)N3CCOCC3)nc3[nH]cnc23)cc1,<rdkit.Chem.rdchem.Mol object at 0x1648e7df0>,c1ccc(Nc2nc(NCC(C3CCOC3)N3CCOCC3)nc3nc[nH]c23)cc1,s_27____293710____10803818,409.5,1.725631695666667,7,8,3,970,0.2909090909090909,<rdkit.Chem.rdchem.Mol object at 0x175237140>,4.886642032238161
,CC(C)OCCN1CCC(Nc2nc(Nc3ccccc3)c3[nH]cnc3n2)CC1,<rdkit.Chem.rdchem.Mol object at 0x1648e7f40>,CC(C)OCCN1CCC(Nc2nc(Nc3ccccc3)c3[nH]cnc3n2)CC1,s_27____6484314____10803818,395.5,2.600159245999999,8,7,3,965,0.2909090909090909,<rdkit.Chem.rdchem.Mol object at 0x175237300>,6.354586275127418
,c1ccc(Nc2nc(N[C@@H]3CCCN(C4CCOCC4)C3)nc3[nH]cnc23)cc1,<rdkit.Chem.rdchem.Mol object at 0x1648f40b0>,c1ccc(Nc2nc(NC3CCCN(C4CCOCC4)C3)nc3nc[nH]c23)cc1,s_27____16711864____10803818,393.5,2.292340803333333,5,7,3,955,0.2909090909090909,<rdkit.Chem.rdchem.Mol object at 0x175237370>,5.2539227766837575
,c1ccc(Nc2nc(N3CCO[C@@H](CC4CCCC4)C3)nc3[nH]cnc23)cc1,<rdkit.Chem.rdchem.Mol object at 0x1648f4190>,c1ccc(Nc2nc(N3CCOC(CC4CCCC4)C3)nc3nc[nH]c23)cc1,s_27____25523956____10803818,378.5,4.359807536,5,6,2,731,0.2909090909090909,<rdkit.Chem.rdchem.Mol object at 0x175237290>,4.8335637860943965
,c1ccc(Nc2nc(NCCOCCN3CCCC3)nc3[nH]cnc23)cc1,<rdkit.Chem.rdchem.Mol object at 0x1648f4270>,c1ccc(Nc2nc(NCCOCCN3CCCC3)nc3nc[nH]c23)cc1,s_27____25523586____10803818,367.5,2.224412128666666,9,7,3,719,0.2909090909090909,<rdkit.Chem.rdchem.Mol object at 0x1752373e0>,4.58185511753256
,c1ccc(Nc2nc(N3CCC(OC4CCCCC4)CC3)nc3[nH]cnc23)cc1,<rdkit.Chem.rdchem.Mol object at 0x1648f4350>,c1ccc(Nc2nc(N3CCC(OC4CCCCC4)CC3)nc3nc[nH]c23)cc1,s_27____10890578____10803818,392.5,4.242668007333332,5,6,2,706,0.2909090909090909,<rdkit.Chem.rdchem.Mol object at 0x1752374c0>,5.124032144893228
,C[C@@H]1CN(CCNc2nc(Nc3ccccc3)c3[nH]cnc3n2)C[C@H](C)O1,<rdkit.Chem.rdchem.Mol object at 0x1648f4430>,C[C@@H]1CN(CCNc2nc(Nc3ccccc3)c3[nH]cnc3n2)C[C@H](C)O1,s_27____15362812____10803818,367.5,2.4802397679999997,6,7,3,369,0.2909090909090909,<rdkit.Chem.rdchem.Mol object at 0x175237450>,5.23638361887079
,CO[C@H](CN(C)c1nc(Nc2ccccc2)c2[nH]cnc2n1)C1CCCC1,<rdkit.Chem.rdchem.Mol object at 0x1648f4510>,COC(CN(C)c1nc(Nc2ccccc2)c2[nH]cnc2n1)C1CCCC1,s_27____17653996____10803818,366.5,4.164717544333334,7,6,2,437,0.2909090909090909,<rdkit.Chem.rdchem.Mol object at 0x1752375a0>,4.7117734594291925
,c1ccc(Nc2nc(N[C@H]3COC[C@@H]3N3CCCC3)nc3[nH]cnc23)cc1,<rdkit.Chem.rdchem.Mol object at 0x1648f45f0>,c1ccc(Nc2nc(N[C@H]3COC[C@@H]3N3CCCC3)nc3nc[nH]c23)cc1,s_27____25557362____10803818,365.4,2.1724213253333335,5,7,3,434,0.2909090909090909,<rdkit.Chem.rdchem.Mol object at 0x175237530>,5.371955715410673
,c1ccc(Nc2nc(NC[C@H]3CCC[C@@H]3N3CCOCC3)nc3[nH]cnc23)cc1,<rdkit.Chem.rdchem.Mol object at 0x1648f46d0>,c1ccc(Nc2nc(NCC3CCCC3N3CCOCC3)nc3nc[nH]c23)cc1,s_27____3312922____10803818,393.5,2.661744533999999,6,7,3,433,0.2909090909090909,<rdkit.Chem.rdchem.Mol object at 0x175237680>,5.037872290803617
,c1ccc(Nc2nc(NC[C@H]3CCCC4(CCNCC4)O3)nc3[nH]cnc23)cc1,<rdkit.Chem.rdchem.Mol object at 0x1648f47b0>,c1ccc(Nc2nc(NCC3CCCC4(CCNCC4)O3)nc3nc[nH]c23)cc1,s_270166____17792324____17625750,393.5,2.10616406907004,5,7,4,401,0.2909090909090909,<rdkit.Chem.rdchem.Mol object at 0x175237610>,5.172892199815565
,COC[C@@H]1CN[C@H](CNc2nc(Nc3ccccc3)c3[nH]cnc3n2)C1,<rdkit.Chem.rdchem.Mol object at 0x1648f4890>,COC[C@@H]1CN[C@H](CNc2nc(Nc3ccccc3)c3[nH]cnc3n2)C1,s_270166____21478898____17625750,353.4,1.3366507815370496,7,7,4,261,0.2909090909090909,<rdkit.Chem.rdchem.Mol object at 0x175235700>,4.9613909195179495
,c1ccc(Nc2nc(NC[C@H]3CCCC4(CNC4)O3)nc3[nH]cnc23)cc1,<rdkit.Chem.rdchem.Mol object at 0x1648f4970>,c1ccc(Nc2nc(NCC3CCCC4(CNC4)O3)nc3nc[nH]c23)cc1,s_270166____17601712____17625750,365.4,2.157710766666667,5,7,4,382,0.2909090909090909,<rdkit.Chem.rdchem.Mol object at 0x175235690>,4.891050055034402
,c1ccc(Nc2nc(N3CCC(OCC4CCCCC4)CC3)nc3[nH]cnc23)cc1,<rdkit.Chem.rdchem.Mol object at 0x1648f4a50>,c1ccc(Nc2nc(N3CCC(OCC4CCCCC4)CC3)nc3nc[nH]c23)cc1,s_27____6007868____10803818,406.5,4.557680743999999,6,6,2,365,0.2909090909090909,<rdkit.Chem.rdchem.Mol object at 0x175235770>,4.957780546548483
,CC(C)(CNc1nc(Nc2ccccc2)c2[nH]cnc2n1)N1CCOCC1,<rdkit.Chem.rdchem.Mol object at 0x1648f4b30>,CC(C)(CNc1nc(Nc2ccccc2)c2[nH]cnc2n1)N1CCOCC1,s_27____61959____10803818,367.5,2.3442414116666663,6,7,3,190,0.2909090909090909,<rdkit.Chem.rdchem.Mol object at 0x175235620>,5.195474203533668
,CO[C@H]1[C@@H](OC)CN[C@@H]1CNc1nc(Nc2ccccc2)c2[nH]cnc2n1,<rdkit.Chem.rdchem.Mol object at 0x1648f4c10>,CO[C@H]1[C@@H](OC)CN[C@@H]1CNc1nc(Nc2ccccc2)c2[nH]cnc2n1,m_270166____21478818____17625750,369.4,1.396367483,7,8,4,362,0.2909090909090909,<rdkit.Chem.rdchem.Mol object at 0x1752355b0>,4.63289200173133
,C[C@H]1CN(CCCCNc2nc(Nc3ccccc3)c3[nH]cnc3n2)C[C@H](C)O1,<rdkit.Chem.rdchem.Mol object at 0x1648f4d60>,CC1CN(CCCCNc2nc(Nc3ccccc3)c3[nH]cnc3n2)CC(C)O1,s_27____6893972____10803818,395.5,3.0575621779999995,8,7,3,269,0.2909090909090909,<rdkit.Chem.rdchem.Mol object at 0x175235540>,5.0934458933984175
,COC[C@H](O)CN1CCC(Nc2nc(Nc3ccccc3)c3[nH]cnc3n2)CC1,<rdkit.Chem.rdchem.Mol object at 0x1648f4e40>,COC[C@H](O)CN1CCC(Nc2nc(Nc3ccccc3)c3[nH]cnc3n2)CC1,s_27____25521492____10803818,397.5,1.1964413246666656,8,8,4,331,0.2909090909090909,<rdkit.Chem.rdchem.Mol object at 0x175235380>,6.132220930882676
,c1ccc(Nc2nc(NC[C@H]3CCN3C3CCOCC3)nc3[nH]cnc23)cc1,<rdkit.Chem.rdchem.Mol object at 0x1648f4f20>,c1ccc(Nc2nc(NCC3CCN3C3CCOCC3)nc3nc[nH]c23)cc1,s_27____13261888____10803818,379.5,1.774978132333333,6,7,3,325,0.2909090909090909,<rdkit.Chem.rdchem.Mol object at 0x1752354d0>,5.1871767260444726
,c1ccc(Nc2nc(N3CCC(OC4CCCC4)CC3)nc3[nH]cnc23)cc1,<rdkit.Chem.rdchem.Mol object at 0x1648f5000>,c1ccc(Nc2nc(N3CCC(OC4CCCC4)CC3)nc3nc[nH]c23)cc1,s_27____2501706____10803818,378.5,3.798099342333333,5,6,2,299,0.2909090909090909,<rdkit.Chem.rdchem.Mol object at 0x175235460>,4.952207060205119
,CN(CCNc1nc(Nc2ccccc2)c2[nH]cnc2n1)C1CCOCC1,<rdkit.Chem.rdchem.Mol object at 0x1648f50e0>,CN(CCNc1nc(Nc2ccccc2)c2[nH]cnc2n1)C1CCOCC1,s_27____13913192____10803818,367.5,1.826776266666666,7,7,3,288,0.2909090909090909,<rdkit.Chem.rdchem.Mol object at 0x1752353f0>,5.280778164966863
,COCCN(CC1CCCCC1)c1nc(Nc2ccccc2)c2[nH]cnc2n1,<rdkit.Chem.rdchem.Mol object at 0x1648f51c0>,COCCN(CC1CCCCC1)c1nc(Nc2ccccc2)c2[nH]cnc2n1,s_27____18321754____10803818,380.5,4.549519139333334,8,6,2,464,0.2909090909090909,<rdkit.Chem.rdchem.Mol object at 0x175235310>,4.823648406961594
,CC(C)CO[C@@H]1CCCN(c2nc(Nc3ccccc3)c3[nH]cnc3n2)C1,<rdkit.Chem.rdchem.Mol object at 0x1648f52a0>,CC(C)COC1CCCN(c2nc(Nc3ccccc3)c3[nH]cnc3n2)C1,s_27____25521836____10803818,366.5,4.145103583666666,6,6,2,491,0.2909090909090909,<rdkit.Chem.rdchem.Mol object at 0x1752351c0>,4.752312211879697
,c1ccc(Nc2nc(NC3CCN(CC4CCOCC4)CC3)nc3[nH]cnc23)cc1,<rdkit.Chem.rdchem.Mol object at 0x1648f5380>,c1ccc(Nc2nc(NC3CCN(CC4CCOCC4)CC3)nc3nc[nH]c23)cc1,s_27____25521048____10803818,407.5,2.1541302218048,6,7,3,238,0.2909090909090909,<rdkit.Chem.rdchem.Mol object at 0x1752352a0>,6.007547440246484
,C[C@@H]1CN(C(C)(C)CNc2nc(Nc3ccccc3)c3[nH]cnc3n2)C[C@H](C)O1,<rdkit.Chem.rdchem.Mol object at 0x1648f5460>,CC1CN(C(C)(C)CNc2nc(Nc3ccccc3)c3[nH]cnc3n2)CC(C)O1,s_27____215669____10803818,395.5,3.1773914609999983,6,7,3,518,0.2909090909090909,<rdkit.Chem.rdchem.Mol object at 0x175235230>,4.8924094694556945
,c1ccc(Nc2nc(N3CCC(OCC4CCCC4)CC3)nc3[nH]cnc23)cc1,<rdkit.Chem.rdchem.Mol object at 0x1648f55b0>,c1ccc(Nc2nc(N3CCC(OCC4CCCC4)CC3)nc3nc[nH]c23)cc1,s_27____6742680____10803818,392.5,4.113112078999999,6,6,2,229,0.2909090909090909,<rdkit.Chem.rdchem.Mol object at 0x175235150>,5.056792028125853
,c1ccc(Nc2nc(NC[C@H]3CN4CCCC[C@@H]4CO3)nc3[nH]cnc23)cc1,<rdkit.Chem.rdchem.Mol object at 0x1648f5690>,c1ccc(Nc2nc(NCC3CN4CCCCC4CO3)nc3nc[nH]c23)cc1,s_27____7919872____10803818,379.5,2.6169899903333325,5,7,3,549,0.2909090909090909,<rdkit.Chem.rdchem.Mol object at 0x1752350e0>,4.771343379227182
,c1ccc(Nc2nc(NC3CCN(C4CCOCC4)CC3)nc3[nH]cnc23)cc1,<rdkit.Chem.rdchem.Mol object at 0x1648f5770>,c1ccc(Nc2nc(NC3CCN(C4CCOCC4)CC3)nc3nc[nH]c23)cc1,s_27____11967998____10803818,393.5,1.8349378713333329,5,7,3,569,0.2909090909090909,<rdkit.Chem.rdchem.Mol object at 0x175234f90>,5.385454338420252
,CN(CCCCOC(C)(C)C)c1nc(Nc2ccccc2)c2[nH]cnc2n1,<rdkit.Chem.rdchem.Mol object at 0x1648f5850>,CN(CCCCOC(C)(C)C)c1nc(Nc2ccccc2)c2[nH]cnc2n1,s_27____16619842____10803818,368.5,4.066517928666666,9,6,2,574,0.2909090909090909,<rdkit.Chem.rdchem.Mol object at 0x175235070>,4.744608875907575
,c1ccc(Nc2nc(N[C@H]3COC[C@@H]3N3CCOCC3)nc3[nH]cnc23)cc1,<rdkit.Chem.rdchem.Mol object at 0x1648f5930>,c1ccc(Nc2nc(N[C@H]3COC[C@@H]3N3CCOCC3)nc3nc[nH]c23)cc1,s_27____25557364____10803818,381.4,1.5481234069999996,5,8,3,590,0.2909090909090909,<rdkit.Chem.rdchem.Mol object at 0x175235000>,5.773568830310976
,CO[C@@H]1CCN(CCNc2nc(Nc3ccccc3)c3[nH]cnc3n2)C1,<rdkit.Chem.rdchem.Mol object at 0x1648f5a10>,COC1CCN(CCNc2nc(Nc3ccccc3)c3[nH]cnc3n2)C1,s_27____25525784____10803818,353.4,1.7668165276666663,7,7,3,601,0.2909090909090909,<rdkit.Chem.rdchem.Mol object at 0x175234f20>,4.880483092530664
,CN(CCNc1nc(Nc2ccccc2)c2[nH]cnc2n1)C[C@H]1CCCO1,<rdkit.Chem.rdchem.Mol object at 0x1648f5af0>,CN(CCNc1nc(Nc2ccccc2)c2[nH]cnc2n1)CC1CCCO1,s_27____25525140____10803818,367.5,2.284179198666666,8,7,3,608,0.2909090909090909,<rdkit.Chem.rdchem.Mol object at 0x175234eb0>,5.246618822706882
,c1ccc(Nc2nc(NC3CCN(C[C@@H]4CCCO4)CC3)nc3[nH]cnc23)cc1,<rdkit.Chem.rdchem.Mol object at 0x1648f5bd0>,c1ccc(Nc2nc(NC3CCN(CC4CCCO4)CC3)nc3nc[nH]c23)cc1,s_27____730818____10803818,393.5,2.292340803333333,6,7,3,614,0.2909090909090909,<rdkit.Chem.rdchem.Mol object at 0x175234d60>,5.249568030452234
,c1ccc(Nc2nc(N[C@@H]3CCCC[C@@H]3N3CCOCC3)nc3[nH]cnc23)cc1,<rdkit.Chem.rdchem.Mol object at 0x1648f5cb0>,c1ccc(Nc2nc(NC3CCCCC3N3CCOCC3)nc3nc[nH]c23)cc1,s_27____7142080____10803818,393.5,3.0615586553333323,5,7,3,210,0.2909090909090909,<rdkit.Chem.rdchem.Mol object at 0x175234e40>,5.449439209034691
,c1ccc(Nc2nc(NCC3(N4CCOCC4)CCCCC3)nc3[nH]cnc23)cc1,<rdkit.Chem.rdchem.Mol object at 0x1648f5e00>,c1ccc(Nc2nc(NCC3(N4CCOCC4)CCCCC3)nc3nc[nH]c23)cc1,s_27____61908____10803818,407.5,3.370128964,6,7,3,201,0.2909090909090909,<rdkit.Chem.rdchem.Mol object at 0x175234dd0>,4.862518466559228
,COCCN1CC[C@H](Nc2nc(Nc3ccccc3)c3[nH]cnc3n2)C1,<rdkit.Chem.rdchem.Mol object at 0x1648f5ee0>,COCCN1CCC(Nc2nc(Nc3ccccc3)c3[nH]cnc3n2)C1,s_27____4146658____10803818,353.4,1.7668165276666663,7,7,3,640,0.2909090909090909,<rdkit.Chem.rdchem.Mol object at 0x175234cf0>,5.3716878336336205
,C[C@H]1CN(CCCNc2nc(Nc3ccccc3)c3[nH]cnc3n2)CCCO1,<rdkit.Chem.rdchem.Mol object at 0x1648f5fc0>,CC1CN(CCCNc2nc(Nc3ccccc3)c3[nH]cnc3n2)CCCO1,s_27____9329926____10803818,381.5,2.183584221333333,7,7,3,196,0.2909090909090909,<rdkit.Chem.rdchem.Mol object at 0x175234c80>,5.200800208742509
,c1ccc(Nc2nc(NCCOC3CCNCC3)nc3[nH]cnc23)cc1,<rdkit.Chem.rdchem.Mol object at 0x1648f60a0>,c1ccc(Nc2nc(NCCOC3CCNCC3)nc3nc[nH]c23)cc1,s_270166____21476876____17625750,353.4,1.2712383585187423,7,7,4,665,0.2909090909090909,<rdkit.Chem.rdchem.Mol object at 0x175234c10>,4.922136726713073
,CC(C)(C)OCC1CCN(c2nc(Nc3ccccc3)c3[nH]cnc3n2)CC1,<rdkit.Chem.rdchem.Mol object at 0x1648f6180>,CC(C)(C)OCC1CCN(c2nc(Nc3ccccc3)c3[nH]cnc3n2)CC1,s_27____15732840____10803818,380.5,3.957957871999999,6,6,2,1134,0.2909090909090909,<rdkit.Chem.rdchem.Mol object at 0x175234ba0>,4.8707091835838785
,COCCCC1CCN(c2nc(Nc3ccccc3)c3[nH]cnc3n2)CC1,<rdkit.Chem.rdchem.Mol object at 0x1648f6260>,COCCCC1CCN(c2nc(Nc3ccccc3)c3[nH]cnc3n2)CC1,s_27____12056458____10803818,366.5,3.715181824333334,7,6,2,1413,0.2909090909090909,<rdkit.Chem.rdchem.Mol object at 0x175234b30>,5.15497401703276
,CC1(C)COC[C@H](Nc2nc(Nc3ccccc3)c3[nH]cnc3n2)CN1,<rdkit.Chem.rdchem.Mol object at 0x1648f6340>,CC1(C)COCC(Nc2nc(Nc3ccccc3)c3[nH]cnc3n2)CN1,s_270166____21616860____17625750,353.4,2.020960544333333,4,7,4,1348,0.2909090909090909,<rdkit.Chem.rdchem.Mol object at 0x175234ac0>,4.914883959497421
,C[C@@H]1CN([C@H](C)CNc2nc(Nc3ccccc3)c3[nH]cnc3n2)C[C@H](C)O1,<rdkit.Chem.rdchem.Mol object at 0x1648f6420>,CC(CNc1nc(Nc2ccccc2)c2[nH]cnc2n1)N1C[C@@H](C)O[C@@H](C)C1,s_27____11760332____10803818,381.5,2.8968147926666665,6,7,3,1337,0.2909090909090909,<rdkit.Chem.rdchem.Mol object at 0x175234a50>,5.109368416998473
,c1ccc(Nc2nc(N3CCO[C@@H](CC4CCCCC4)C3)nc3[nH]cnc23)cc1,<rdkit.Chem.rdchem.Mol object at 0x1648f6570>,c1ccc(Nc2nc(N3CCOC(CC4CCCCC4)C3)nc3nc[nH]c23)cc1,s_27____25525414____10803818,392.5,4.804376200999999,5,6,2,1302,0.2909090909090909,<rdkit.Chem.rdchem.Mol object at 0x175234970>,5.242744015232805
,c1ccc(Nc2nc(N3CCC(OCCN4CCCCC4)CC3)nc3[nH]cnc23)cc1,<rdkit.Chem.rdchem.Mol object at 0x1648f6650>,c1ccc(Nc2nc(N3CCC(OCCN4CCCCC4)CC3)nc3nc[nH]c23)cc1,s_27____6390122____10803818,421.5,3.312408129666665,7,7,2,1301,0.2909090909090909,<rdkit.Chem.rdchem.Mol object at 0x175234900>,4.45830219945619
,CCOCCCN1CC[C@@H](Nc2nc(Nc3ccccc3)c3[nH]cnc3n2)[C@@H](C)C1,<rdkit.Chem.rdchem.Mol object at 0x1648f6730>,CCOCCCN1CCC(Nc2nc(Nc3ccccc3)c3[nH]cnc3n2)C(C)C1,s_27____4974266____10803818,409.5,2.7228675196666656,9,7,3,1386,0.2909090909090909,<rdkit.Chem.rdchem.Mol object at 0x1752349e0>,6.23096844595476
,CN(C)C[C@H]1COC[C@@H]1Nc1nc(Nc2ccccc2)c2[nH]cnc2n1,<rdkit.Chem.rdchem.Mol object at 0x1648f6880>,CN(C)C[C@H]1COC[C@@H]1Nc1nc(Nc2ccccc2)c2[nH]cnc2n1,s_27____25557672____10803818,353.4,1.7606426333333327,6,7,3,1343,0.2909090909090909,<rdkit.Chem.rdchem.Mol object at 0x175234820>,5.303252580169352
,c1ccc(Nc2nc(N3CCC(CO[C@H]4CCNC4)CC3)nc3[nH]cnc23)cc1,<rdkit.Chem.rdchem.Mol object at 0x1648f6960>,c1ccc(Nc2nc(N3CCC(COC4CCNC4)CC3)nc3nc[nH]c23)cc1,s_270166____12344948____17625750,393.5,2.2342875783028044,6,7,3,1305,0.2909090909090909,<rdkit.Chem.rdchem.Mol object at 0x175234890>,5.140398444873374
,c1ccc(Nc2nc(NC[C@H]3CN[C@@H]4CCC[C@H]4O3)nc3[nH]cnc23)cc1,<rdkit.Chem.rdchem.Mol object at 0x1648f6a40>,c1ccc(Nc2nc(NC[C@H]3CN[C@@H]4CCC[C@H]4O3)nc3nc[nH]c23)cc1,s_270166____16921608____17625750,365.4,2.2937091229999993,5,7,4,1306,0.2909090909090909,<rdkit.Chem.rdchem.Mol object at 0x175234740>,5.08903489176904
,COCCN1CC[C@H](CNc2nc(Nc3ccccc3)c3[nH]cnc3n2)C1,<rdkit.Chem.rdchem.Mol object at 0x1648f6b90>,COCCN1CCC(CNc2nc(Nc3ccccc3)c3[nH]cnc3n2)C1,s_27____2206548____10803818,367.5,1.8843650773333325,8,7,3,52,0.2909090909090909,<rdkit.Chem.rdchem.Mol object at 0x1752347b0>,5.039250239527061
,COCCCN1CCC(Nc2nc(Nc3ccccc3)c3[nH]cnc3n2)CC1,<rdkit.Chem.rdchem.Mol object at 0x1648f6c70>,COCCCN1CCC(Nc2nc(Nc3ccccc3)c3[nH]cnc3n2)CC1,s_27____2833794____10803818,381.5,1.8867360056666664,8,7,3,1180,0.2909090909090909,<rdkit.Chem.rdchem.Mol object at 0x1752346d0>,5.96432060264843
,C[C@@H](CNc1nc(Nc2ccccc2)c2[nH]cnc2n1)CN1CCOCC1,<rdkit.Chem.rdchem.Mol object at 0x1648f6d50>,CC(CNc1nc(Nc2ccccc2)c2[nH]cnc2n1)CN1CCOCC1,s_27____5359694____10803818,367.5,2.1863730169999993,7,7,3,1243,0.2909090909090909,<rdkit.Chem.rdchem.Mol object at 0x175234660>,5.217058065019465
,COCCN1CCC[C@@H]1CNc1nc(Nc2ccccc2)c2[nH]cnc2n1,<rdkit.Chem.rdchem.Mol object at 0x1648f6e30>,COCCN1CCCC1CNc1nc(Nc2ccccc2)c2[nH]cnc2n1,s_27____3048816____10803818,367.5,2.284179198666666,8,7,3,1238,0.2909090909090909,<rdkit.Chem.rdchem.Mol object at 0x1752345f0>,4.728281176865761
,c1ccc(Nc2nc(NC[C@@H]3CC(C4CC4)=NO3)nc3[nH]cnc23)cc1,<rdkit.Chem.rdchem.Mol object at 0x1648f6f10>,c1ccc(Nc2nc(NCC3CC(C4CC4)=NO3)nc3nc[nH]c23)cc1,s_27____15426324____10803818,349.4,2.9470460733333335,6,7,3,1248,0.2833333333333333,<rdkit.Chem.rdchem.Mol object at 0x1752344a0>,4.984279087736715
,CC(C)(C)C1=NO[C@@H](CNc2nc(Nc3ccccc3)c3[nH]cnc3n2)C1,<rdkit.Chem.rdchem.Mol object at 0x1648f6ff0>,CC(C)(C)C1=NOC(CNc2nc(Nc3ccccc3)c3[nH]cnc3n2)C1,s_27____14656964____10803818,365.4,3.9667862780000007,6,7,3,208,0.2833333333333333,<rdkit.Chem.rdchem.Mol object at 0x175234580>,4.757721212115359
,c1ccc(Nc2nc(NCC3=NO[C@H]4CCCC[C@@H]34)nc3[nH]cnc23)cc1,<rdkit.Chem.rdchem.Mol object at 0x1648f70d0>,c1ccc(Nc2nc(NCC3=NO[C@H]4CCCC[C@@H]34)nc3nc[nH]c23)cc1,s_27____17315176____10803818,363.4,3.443263207,5,7,3,23,0.2833333333333333,<rdkit.Chem.rdchem.Mol object at 0x175234510>,5.084719790052683
,CN(CC1COC(C)(C)OC1)c1nc(Nc2ccccc2)c2[nH]cnc2n1,<rdkit.Chem.rdchem.Mol object at 0x1648f71b0>,CN(CC1COC(C)(C)OC1)c1nc(Nc2ccccc2)c2[nH]cnc2n1,s_27____14043330____10803818,368.4,2.858217815666666,5,7,2,924,0.2807017543859649,<rdkit.Chem.rdchem.Mol object at 0x175234430>,4.474549565321805
,CC1(C)OC[C@@H]2CN(c3nc(Nc4ccccc4)c4[nH]cnc4n3)C[C@@H]2CO1,<rdkit.Chem.rdchem.Mol object at 0x1648f7290>,CC1(C)OC[C@@H]2CN(c3nc(Nc4ccccc4)c4[nH]cnc4n3)C[C@@H]2CO1,s_27____20025206____10803818,380.5,2.5301353349999993,3,7,2,206,0.2807017543859649,<rdkit.Chem.rdchem.Mol object at 0x175234350>,4.94125744732954
,c1ccc(Nc2nc(NC[C@@H]3CC4(CN3)OCCO4)nc3[nH]cnc23)cc1,<rdkit.Chem.rdchem.Mol object at 0x1648f73e0>,c1ccc(Nc2nc(NC[C@@H]3CC4(CN3)OCCO4)nc3nc[nH]c23)cc1,s_270166____23912492____17625750,367.4,1.935796561,5,8,4,1374,0.2807017543859649,<rdkit.Chem.rdchem.Mol object at 0x1752343c0>,4.367984665881572
,CC1(C)OC[C@@H]([C@@H]2CN(c3nc(Nc4ccccc4)c4[nH]cnc4n3)CCO2)O1,<rdkit.Chem.rdchem.Mol object at 0x1648f74c0>,CC1(C)OC[C@@H]([C@@H]2CN(c3nc(Nc4ccccc4)c4[nH]cnc4n3)CCO2)O1,s_27____12850960____10803818,396.5,2.705465659333333,4,8,2,1402,0.2807017543859649,<rdkit.Chem.rdchem.Mol object at 0x175234200>,4.444229394703423
,COC(=O)C1=CC[C@H](Nc2nc(Nc3ccccc3)c3[nH]cnc3n2)C1,<rdkit.Chem.rdchem.Mol object at 0x1648f7610>,COC(=O)C1=CCC(Nc2nc(Nc3ccccc3)c3[nH]cnc3n2)C1,s_27____12217624____10803818,350.4,2.654007118,6,6,3,1240,0.2786885245901639,<rdkit.Chem.rdchem.Mol object at 0x1752342e0>,5.432240749672649
,C=CCCCC[C@@H](O)CNc1nc(Nc2ccccc2)c2[nH]cnc2n1,<rdkit.Chem.rdchem.Mol object at 0x1648f76f0>,C=CCCCCC(O)CNc1nc(Nc2ccccc2)c2[nH]cnc2n1,s_27____25524520____10803818,352.4,3.5702277293333324,10,6,4,425,0.2727272727272727,<rdkit.Chem.rdchem.Mol object at 0x175234270>,4.824124724656716
,FCCOC1CCN(CCNc2nc(Nc3ccccc3)c3[nH]cnc3n2)CC1,<rdkit.Chem.rdchem.Mol object at 0x1648f77d0>,FCCOC1CCN(CCNc2nc(Nc3ccccc3)c3[nH]cnc3n2)CC1,s_27____25530258____10803818,399.5,2.0277660286666657,9,7,3,458,0.2711864406779661,<rdkit.Chem.rdchem.Mol object at 0x175234190>,5.2376532080814435
,c1ccc(CN2CCC3(CC2)C[C@@H](Nc2nc(Nc4ccccc4)c4[nH]cnc4n2)CCO3)cc1,<rdkit.Chem.rdchem.Mol object at 0x1648f78b0>,c1ccc(CN2CCC3(CC2)CC(Nc2nc(Nc4ccccc4)c4[nH]cnc4n2)CCO3)cc1,s_27____13022364____10803818,469.6,3.4831797023333326,6,7,3,1063,0.26666666666666666,<rdkit.Chem.rdchem.Mol object at 0x175234120>,5.347222734690682
,c1ccc(CN2CCC(OCCCNc3nc(Nc4ccccc4)c4[nH]cnc4n3)CC2)cc1,<rdkit.Chem.rdchem.Mol object at 0x1648f7a00>,c1ccc(CN2CCC(OCCCNc3nc(Nc4ccccc4)c4[nH]cnc4n3)CC2)cc1,s_27____6547250____10803818,457.6,3.611209123,10,7,3,1109,0.26666666666666666,<rdkit.Chem.rdchem.Mol object at 0x175234040>,5.037816602779526
,FC(F)(F)[C@H]1CN[C@@H](CNc2nc(Nc3ccccc3)c3[nH]cnc3n2)CO1,<rdkit.Chem.rdchem.Mol object at 0x1648f7ae0>,FC(F)(F)C1CNC(CNc2nc(Nc3ccccc3)c3[nH]cnc3n2)CO1,s_270166____21479282____17625750,393.4,2.338672158333333,6,7,4,540,0.26229508196721313,<rdkit.Chem.rdchem.Mol object at 0x1752340b0>,5.039454556496876
,COC(=O)CC[C@H]1CCCCN(c2nc(Nc3ccccc3)c3[nH]cnc3n2)C1,<rdkit.Chem.rdchem.Mol object at 0x1648f7c30>,COC(=O)CCC1CCCCN(c2nc(Nc3ccccc3)c3[nH]cnc3n2)C1,s_27____20274622____10803818,394.5,3.8569086233333327,7,6,2,1265,0.26229508196721313,<rdkit.Chem.rdchem.Mol object at 0x174abaff0>,5.133319280492001
,O=C1C[C@@H](Nc2nc(Nc3ccccc3)c3[nH]cnc3n2)CN1C1CCOCC1,<rdkit.Chem.rdchem.Mol object at 0x1648f7d10>,O=C1CC(Nc2nc(Nc3ccccc3)c3[nH]cnc3n2)CN1C1CCOCC1,s_27____26083132____10803818,393.5,1.0517794333333337,5,7,3,931,0.26229508196721313,<rdkit.Chem.rdchem.Mol object at 0x174ab9af0>,5.187918505687162
,FC(F)COC1CCN(CCNc2nc(Nc3ccccc3)c3[nH]cnc3n2)CC1,<rdkit.Chem.rdchem.Mol object at 0x1648f7df0>,FC(F)COC1CCN(CCNc2nc(Nc3ccccc3)c3[nH]cnc3n2)CC1,s_27____25530192____10803818,417.5,2.2931120109999994,9,7,3,629,0.26229508196721313,<rdkit.Chem.rdchem.Mol object at 0x174abb300>,5.066863883843737
,O=C1C[C@@H](Nc2nc(Nc3ccccc3)c3[nH]cnc3n2)CN1CCN1CCOCC1,<rdkit.Chem.rdchem.Mol object at 0x1648f7ed0>,O=C1CC(Nc2nc(Nc3ccccc3)c3[nH]cnc3n2)CN1CCN1CCOCC1,s_27____9441876____10803818,422.5,0.8907374076666666,7,8,3,1249,0.26229508196721313,<rdkit.Chem.rdchem.Mol object at 0x174ab9c40>,5.3852367270961174
,COC(=O)C1CCN(CCCNc2nc(Nc3ccccc3)c3[nH]cnc3n2)CC1,<rdkit.Chem.rdchem.Mol object at 0x1648f0040>,COC(=O)C1CCN(CCCNc2nc(Nc3ccccc3)c3[nH]cnc3n2)CC1,s_27____8363596____10803818,409.5,2.1445546103333326,9,7,3,141,0.26229508196721313,<rdkit.Chem.rdchem.Mol object at 0x174abaf80>,4.899125061721953
,FC(F)(F)COCC1CCN(c2nc(Nc3ccccc3)c3[nH]cnc3n2)CC1,<rdkit.Chem.rdchem.Mol object at 0x1648f0120>,FC(F)(F)COCC1CCN(c2nc(Nc3ccccc3)c3[nH]cnc3n2)CC1,s_27____25544146____10803818,406.4,3.859094461333333,7,6,2,166,0.26229508196721313,<rdkit.Chem.rdchem.Mol object at 0x174abb3e0>,4.796923161127408
,FC(F)CO[C@@H]1CCCN(CCNc2nc(Nc3ccccc3)c3[nH]cnc3n2)C1,<rdkit.Chem.rdchem.Mol object at 0x1648f0200>,FC(F)COC1CCCN(CCNc2nc(Nc3ccccc3)c3[nH]cnc3n2)C1,s_27____25530288____10803818,417.5,2.750514943,9,7,3,1142,0.26229508196721313,<rdkit.Chem.rdchem.Mol object at 0x174abb680>,4.914478130646017
,FC(F)(F)[C@@H](CCNc1nc(Nc2ccccc2)c2[nH]cnc2n1)N1CCOCC1,<rdkit.Chem.rdchem.Mol object at 0x1648f02e0>,FC(F)(F)C(CCNc1nc(Nc2ccccc2)c2[nH]cnc2n1)N1CCOCC1,s_27____14185294____10803818,421.4,2.7219127646666665,8,7,3,740,0.26229508196721313,<rdkit.Chem.rdchem.Mol object at 0x174abac70>,4.487321494485427
,CC(C)OC(=O)C[C@H]1CCCN(c2nc(Nc3ccccc3)c3[nH]cnc3n2)C1,<rdkit.Chem.rdchem.Mol object at 0x1648f03c0>,CC(C)OC(=O)CC1CCCN(c2nc(Nc3ccccc3)c3[nH]cnc3n2)C1,s_27____8846046____10803818,394.5,3.7411542726666664,7,6,2,1081,0.26229508196721313,<rdkit.Chem.rdchem.Mol object at 0x174abb610>,4.69862552501986
,CC(C)(C)OC(=O)N1CCC(CONc2nc(Nc3ccccc3)c3[nH]cnc3n2)CC1,<rdkit.Chem.rdchem.Mol object at 0x1648f04a0>,CC(C)(C)OC(=O)N1CCC(CONc2nc(Nc3ccccc3)c3[nH]cnc3n2)CC1,s_27____25547728____10803818,439.5,3.647950148999999,8,7,3,248,0.26153846153846155,<rdkit.Chem.rdchem.Mol object at 0x174abaea0>,4.812576811922491
,OC[C@@H](C[C@H]1CCCCO1)Nc1nc(Nc2ccccc2)c2[nH]cnc2n1,<rdkit.Chem.rdchem.Mol object at 0x1648f0580>,OCC(CC1CCCCO1)Nc1nc(Nc2ccccc2)c2[nH]cnc2n1,s_27____20070314____10803818,368.4,2.139728138333333,7,7,4,1278,0.2545454545454545,<rdkit.Chem.rdchem.Mol object at 0x174abab90>,4.686793494836366
,CCO[C@@H]1C[C@@H](Nc2nc(Nc3ccccc3)c3[nH]cnc3n2)C12CCCCC2,<rdkit.Chem.rdchem.Mol object at 0x1648f0660>,CCOC1CC(Nc2nc(Nc3ccccc3)c3[nH]cnc3n2)C12CCCCC2,s_27____5819254____10803818,392.5,4.066362003666665,6,6,3,1320,0.2545454545454545,<rdkit.Chem.rdchem.Mol object at 0x174abadc0>,5.424193452164816
,CC(C)C[C@@H]1C[C@@H](Nc2nc(Nc3ccccc3)c3[nH]cnc3n2)CCO1,<rdkit.Chem.rdchem.Mol object at 0x1648f07b0>,CC(C)CC1CC(Nc2nc(Nc3ccccc3)c3[nH]cnc3n2)CCO1,s_27____8333290____10803818,366.5,3.4788169253333328,6,6,3,586,0.2545454545454545,<rdkit.Chem.rdchem.Mol object at 0x174abb530>,5.344911149794956
,c1ccc(Nc2nc(NC[C@@H]3CCC4(CCCCCC4)O3)nc3[nH]cnc23)cc1,<rdkit.Chem.rdchem.Mol object at 0x1648f0890>,c1ccc(Nc2nc(NCC3CCC4(CCCCCC4)O3)nc3nc[nH]c23)cc1,s_27____13458816____10803818,392.5,4.433142586666666,5,6,3,660,0.2545454545454545,<rdkit.Chem.rdchem.Mol object at 0x174abb760>,5.223900872884474
,OCCCN1CC[C@H](Nc2nc(Nc3ccccc3)c3[nH]cnc3n2)C1,<rdkit.Chem.rdchem.Mol object at 0x1648f0970>,OCCCN1CCC(Nc2nc(Nc3ccccc3)c3[nH]cnc3n2)C1,s_27____25521530____10803818,353.4,1.183649763000001,7,7,4,580,0.2545454545454545,<rdkit.Chem.rdchem.Mol object at 0x174abb8b0>,5.39977040343684
,CC(C)CCO[C@H]1CC[C@H](Nc2nc(Nc3ccccc3)c3[nH]cnc3n2)CC1,<rdkit.Chem.rdchem.Mol object at 0x1648f0a50>,CC(C)CCO[C@H]1CC[C@H](Nc2nc(Nc3ccccc3)c3[nH]cnc3n2)CC1,s_27____12222502____10803818,394.5,4.5135422673333325,8,6,3,663,0.2545454545454545,<rdkit.Chem.rdchem.Mol object at 0x174abae30>,6.657196985217264
,c1ccc(Nc2nc(NC[C@@H]3CCOC4(CCOCC4)C3)nc3[nH]cnc23)cc1,<rdkit.Chem.rdchem.Mol object at 0x1648f0b30>,c1ccc(Nc2nc(NCC3CCOC4(CCOCC4)C3)nc3nc[nH]c23)cc1,s_27____25522916____10803818,394.5,2.153687302999999,5,7,3,1285,0.2545454545454545,<rdkit.Chem.rdchem.Mol object at 0x174abb7d0>,5.1251407319373286
,c1ccc(Nc2nc(NC[C@@H]3CCC4(CCC4)OC3)nc3[nH]cnc23)cc1,<rdkit.Chem.rdchem.Mol object at 0x1648f0c10>,c1ccc(Nc2nc(NCC3CCC4(CCC4)OC3)nc3nc[nH]c23)cc1,s_27____25525590____10803818,364.5,3.144191135333333,5,6,3,633,0.2545454545454545,<rdkit.Chem.rdchem.Mol object at 0x174abb840>,4.564762069726529
,CO[C@H]1CC(C)(C)CC[C@@H]1Nc1nc(Nc2ccccc2)c2[nH]cnc2n1,<rdkit.Chem.rdchem.Mol object at 0x1648f0cf0>,COC1CC(C)(C)CCC1Nc1nc(Nc2ccccc2)c2[nH]cnc2n1,s_27____26262832____10803818,366.5,3.8015052926666666,5,6,3,1330,0.2545454545454545,<rdkit.Chem.rdchem.Mol object at 0x174abba00>,5.926335834347032
,C[C@@H](CCOC(C)(C)C)Nc1nc(Nc2ccccc2)c2[nH]cnc2n1,<rdkit.Chem.rdchem.Mol object at 0x1648f0dd0>,C[C@@H](CCOC(C)(C)C)Nc1nc(Nc2ccccc2)c2[nH]cnc2n1,s_27____25526472____10803818,354.5,3.3304645509999995,8,6,3,668,0.2545454545454545,<rdkit.Chem.rdchem.Mol object at 0x174abb920>,4.901330362316173
,c1ccc(Nc2nc(NCC[C@H]3CC4(CCC4)CCO3)nc3[nH]cnc23)cc1,<rdkit.Chem.rdchem.Mol object at 0x1648f0eb0>,c1ccc(Nc2nc(NCCC3CC4(CCC4)CCO3)nc3nc[nH]c23)cc1,s_27____25522912____10803818,378.5,3.3379720589999993,6,6,3,673,0.2545454545454545,<rdkit.Chem.rdchem.Mol object at 0x174abb990>,4.960458288603478
,c1ccc(Nc2nc(N[C@@H]3COC4(CCOCC4)C3)nc3[nH]cnc23)cc1,<rdkit.Chem.rdchem.Mol object at 0x1648f0f90>,c1ccc(Nc2nc(NC3COC4(CCOCC4)C3)nc3nc[nH]c23)cc1,s_27____25521160____10803818,366.4,1.6331268153333331,4,7,3,678,0.2545454545454545,<rdkit.Chem.rdchem.Mol object at 0x174abb6f0>,5.165464807750845
,c1ccc(Nc2nc(NCCCOC3CCCC3)nc3[nH]cnc23)cc1,<rdkit.Chem.rdchem.Mol object at 0x1648f1070>,c1ccc(Nc2nc(NCCCOC3CCCC3)nc3nc[nH]c23)cc1,s_27____2307566____10803818,352.4,3.2146317453333335,8,6,3,567,0.2545454545454545,<rdkit.Chem.rdchem.Mol object at 0x174abbae0>,4.548804417738361
,c1ccc(Nc2nc(NC[C@@H]3CC[C@@H]4COC[C@H]4O3)nc3[nH]cnc23)cc1,<rdkit.Chem.rdchem.Mol object at 0x1648f1150>,c1ccc(Nc2nc(NCC3CCC4COCC4O3)nc3nc[nH]c23)cc1,s_27____25523534____10803818,366.4,2.211322908333334,5,7,3,563,0.2545454545454545,<rdkit.Chem.rdchem.Mol object at 0x174abba70>,4.925554193518428
,CC(C)(C)COCCCNc1nc(Nc2ccccc2)c2[nH]cnc2n1,<rdkit.Chem.rdchem.Mol object at 0x1648f12a0>,CC(C)(C)COCCCNc1nc(Nc2ccccc2)c2[nH]cnc2n1,s_27____25523476____10803818,354.5,3.4822339046666664,9,6,3,656,0.2545454545454545,<rdkit.Chem.rdchem.Mol object at 0x174abbb50>,4.844226021684433
,CCOC1(CCNc2nc(Nc3ccccc3)c3[nH]cnc3n2)CCC1,<rdkit.Chem.rdchem.Mol object at 0x1648f1380>,CCOC1(CCNc2nc(Nc3ccccc3)c3[nH]cnc3n2)CCC1,s_27____25523282____10803818,352.4,3.0506397486666668,8,6,3,593,0.2545454545454545,<rdkit.Chem.rdchem.Mol object at 0x174abbc30>,5.024160809601294
,c1ccc(Nc2nc(NCCCOC3CCCCC3)nc3[nH]cnc23)cc1,<rdkit.Chem.rdchem.Mol object at 0x1648f1460>,c1ccc(Nc2nc(NCCCOC3CCCCC3)nc3nc[nH]c23)cc1,s_27____131175____10803818,366.5,3.6592004103333338,8,6,3,650,0.2545454545454545,<rdkit.Chem.rdchem.Mol object at 0x174abbbc0>,5.005751271034706
,c1ccc(Nc2nc(NCCCOCC3CCCC3)nc3[nH]cnc23)cc1,<rdkit.Chem.rdchem.Mol object at 0x1648f1540>,c1ccc(Nc2nc(NCCCOCC3CCCC3)nc3nc[nH]c23)cc1,s_27____25524232____10803818,366.5,3.5296444819999993,9,6,3,631,0.2545454545454545,<rdkit.Chem.rdchem.Mol object at 0x174abb0d0>,5.0057412672622075
,C[C@@](O)(CNc1nc(Nc2ccccc2)c2[nH]cnc2n1)[C@@H]1CCCCO1,<rdkit.Chem.rdchem.Mol object at 0x1648f1620>,CC(O)(CNc1nc(Nc2ccccc2)c2[nH]cnc2n1)C1CCCCO1,s_27____16718198____10803818,368.4,2.360345067666666,6,7,4,600,0.2545454545454545,<rdkit.Chem.rdchem.Mol object at 0x174abaf10>,5.1793258296225595
,c1ccc(Nc2nc(NCC[C@]34C[C@H](CCO3)C4)nc3[nH]cnc23)cc1,<rdkit.Chem.rdchem.Mol object at 0x1648f1700>,c1ccc(Nc2nc(NCCC34CC(CCO3)C4)nc3nc[nH]c23)cc1,s_27____25524694____10803818,350.4,2.5073180073333337,6,6,3,1319,0.2545454545454545,<rdkit.Chem.rdchem.Mol object at 0x174c80430>,4.540376027398443
,c1ccc(Nc2nc(NC[C@@H]3CCCC34CCOCC4)nc3[nH]cnc23)cc1,<rdkit.Chem.rdchem.Mol object at 0x1648f17e0>,c1ccc(Nc2nc(NCC3CCCC34CCOCC4)nc3nc[nH]c23)cc1,s_27____13598224____10803818,378.5,3.281210136666666,5,6,3,602,0.2545454545454545,<rdkit.Chem.rdchem.Mol object at 0x174c803c0>,4.940898115539276
,CO[C@H]1[C@H](Nc2nc(Nc3ccccc3)c3[nH]cnc3n2)COC12CCC2,<rdkit.Chem.rdchem.Mol object at 0x1648f18c0>,CO[C@H]1[C@H](Nc2nc(Nc3ccccc3)c3[nH]cnc3n2)COC12CCC2,s_27____20349660____10803818,366.4,2.5349057433333337,5,7,3,605,0.2545454545454545,<rdkit.Chem.rdchem.Mol object at 0x174c802e0>,5.278899096473743
,CC1(OCCNc2nc(Nc3ccccc3)c3[nH]cnc3n2)CCOCC1,<rdkit.Chem.rdchem.Mol object at 0x1648f19a0>,CC1(OCCNc2nc(Nc3ccccc3)c3[nH]cnc3n2)CCOCC1,s_27____13654956____10803818,368.4,2.041732904333333,7,7,3,1314,0.2545454545454545,<rdkit.Chem.rdchem.Mol object at 0x174c80580>,5.265804658080838
,CC(C)CO[C@H]1C[C@H](Nc2nc(Nc3ccccc3)c3[nH]cnc3n2)C1(C)C,<rdkit.Chem.rdchem.Mol object at 0x1648f1a80>,CC(C)COC1CC(Nc2nc(Nc3ccccc3)c3[nH]cnc3n2)C1(C)C,s_27____24580632____10803818,380.5,4.083877132666666,7,6,3,1298,0.2545454545454545,<rdkit.Chem.rdchem.Mol object at 0x174c80b30>,5.518216428717347
,CCO[C@H](CNc1nc(Nc2ccccc2)c2[nH]cnc2n1)[C@@H]1CCCOC1,<rdkit.Chem.rdchem.Mol object at 0x1648f1b60>,CCOC(CNc1nc(Nc2ccccc2)c2[nH]cnc2n1)C1CCCOC1,s_27____21593556____10803818,382.5,2.679888736333333,8,7,3,645,0.2545454545454545,<rdkit.Chem.rdchem.Mol object at 0x174c80510>,4.778979920843625
,c1ccc(Nc2nc(NCCC[C@H]3CCCCO3)nc3[nH]cnc23)cc1,<rdkit.Chem.rdchem.Mol object at 0x1648f1c40>,c1ccc(Nc2nc(NCCCC3CCCCO3)nc3nc[nH]c23)cc1,s_27____8767248____10803818,352.4,3.287425751333333,7,6,3,644,0.2545454545454545,<rdkit.Chem.rdchem.Mol object at 0x174c80c80>,4.716598848511067
,CC(C)OC1(CNc2nc(Nc3ccccc3)c3[nH]cnc3n2)CC(C)(C)C1,<rdkit.Chem.rdchem.Mol object at 0x1648f1d20>,CC(C)OC1(CNc2nc(Nc3ccccc3)c3[nH]cnc3n2)CC(C)(C)C1,s_27____25521058____10803818,380.5,3.994321250666666,7,6,3,643,0.2545454545454545,<rdkit.Chem.rdchem.Mol object at 0x174c82340>,5.0409870826550955
,C[C@H](COCC1CCCCC1)Nc1nc(Nc2ccccc2)c2[nH]cnc2n1,<rdkit.Chem.rdchem.Mol object at 0x1648f1e00>,CC(COCC1CCCCC1)Nc1nc(Nc2ccccc2)c2[nH]cnc2n1,s_27____13163102____10803818,380.5,4.330828432666667,8,6,3,627,0.2545454545454545,<rdkit.Chem.rdchem.Mol object at 0x174c82ea0>,4.6638288637152066
,CC(C)(C)O[C@H]1CCC[C@H](Nc2nc(Nc3ccccc3)c3[nH]cnc3n2)C1,<rdkit.Chem.rdchem.Mol object at 0x1648f1ee0>,CC(C)(C)OC1CCCC(Nc2nc(Nc3ccccc3)c3[nH]cnc3n2)C1,s_27____25530370____10803818,380.5,3.883789797999999,6,6,3,628,0.2545454545454545,<rdkit.Chem.rdchem.Mol object at 0x174c82420>,6.315627187115215
,CCC(CC)[C@@H](CCNc1nc(Nc2ccccc2)c2[nH]cnc2n1)OC,<rdkit.Chem.rdchem.Mol object at 0x1648f1fc0>,CCC(CC)C(CCNc1nc(Nc2ccccc2)c2[nH]cnc2n1)OC,s_27____7634774____10803818,368.5,4.053137454666666,10,6,3,636,0.2545454545454545,<rdkit.Chem.rdchem.Mol object at 0x174c821f0>,4.785004850950285
,c1ccc(Nc2nc(N[C@H]3CC[C@H](OC4CCCC4)CC3)nc3[nH]cnc23)cc1,<rdkit.Chem.rdchem.Mol object at 0x1648f20a0>,c1ccc(Nc2nc(N[C@H]3CC[C@H](OC4CCCC4)CC3)nc3nc[nH]c23)cc1,s_27____25525630____10803818,392.5,4.257326022999999,6,6,3,557,0.2545454545454545,<rdkit.Chem.rdchem.Mol object at 0x174c82180>,5.819702326807329
,CC1([C@@H]2C[C@H]2Nc2nc(Nc3ccccc3)c3[nH]cnc3n2)CCOCC1,<rdkit.Chem.rdchem.Mol object at 0x1648f21f0>,CC1([C@@H]2C[C@H]2Nc2nc(Nc3ccccc3)c3[nH]cnc3n2)CCOCC1,s_27____25541396____10803818,364.5,2.8866015613333325,5,6,3,559,0.2545454545454545,<rdkit.Chem.rdchem.Mol object at 0x174c82110>,4.965536483712294
,CC(C)(C)O[C@@H]1CC[C@H](Nc2nc(Nc3ccccc3)c3[nH]cnc3n2)C1,<rdkit.Chem.rdchem.Mol object at 0x1648f22d0>,CC(C)(C)O[C@@H]1CC[C@H](Nc2nc(Nc3ccccc3)c3[nH]cnc3n2)C1,s_27____22842088____10803818,366.5,3.439221133,6,6,3,521,0.2545454545454545,<rdkit.Chem.rdchem.Mol object at 0x174c82260>,5.322904076850442
,c1ccc(Nc2nc(NC[C@H]3C[C@H]4O[C@@H]3[C@@H]3C[C@@H]34)nc3[nH]cnc23)cc1,<rdkit.Chem.rdchem.Mol object at 0x1648f23b0>,c1ccc(Nc2nc(NC[C@H]3C[C@H]4O[C@@H]3[C@@H]3C[C@@H]34)nc3nc[nH]c23)cc1,s_27____15416626____10803818,348.4,2.212703246666666,5,6,3,556,0.2545454545454545,<rdkit.Chem.rdchem.Mol object at 0x174c81fc0>,4.923488016892879
,CC1(C)CC(CNc2nc(Nc3ccccc3)c3[nH]cnc3n2)CC(C)(C)O1,<rdkit.Chem.rdchem.Mol object at 0x1648f2500>,CC1(C)CC(CNc2nc(Nc3ccccc3)c3[nH]cnc3n2)CC(C)(C)O1,s_27____14650434____10803818,380.5,3.663035879,5,6,3,333,0.2545454545454545,<rdkit.Chem.rdchem.Mol object at 0x174c81f50>,4.764577300519572
,CC(C)(O)CN1CCC(Nc2nc(Nc3ccccc3)c3[nH]cnc3n2)CC1,<rdkit.Chem.rdchem.Mol object at 0x1648f25e0>,CC(C)(O)CN1CCC(Nc2nc(Nc3ccccc3)c3[nH]cnc3n2)CC1,s_27____7343562____10803818,381.5,1.880801455999999,6,7,4,1353,0.2545454545454545,<rdkit.Chem.rdchem.Mol object at 0x174c82030>,6.051446616568167
,CC(C)CCOCCCNc1nc(Nc2ccccc2)c2[nH]cnc2n1,<rdkit.Chem.rdchem.Mol object at 0x1648f26c0>,CC(C)CCOCCCNc1nc(Nc2ccccc2)c2[nH]cnc2n1,s_27____14244380____10803818,354.5,3.470847989666666,10,6,3,399,0.2545454545454545,<rdkit.Chem.rdchem.Mol object at 0x174c820a0>,4.966350135592636
,c1ccc(Nc2nc(N[C@H]3CC[C@@H](OC4CCOCC4)C3)nc3[nH]cnc23)cc1,<rdkit.Chem.rdchem.Mol object at 0x1648f27a0>,c1ccc(Nc2nc(N[C@H]3CC[C@@H](OC4CCOCC4)C3)nc3nc[nH]c23)cc1,s_27____25810140____10803818,394.5,2.346447581666665,6,7,3,1354,0.2545454545454545,<rdkit.Chem.rdchem.Mol object at 0x174c81e70>,5.7065465059419775
,CC[C@]12CC[C@](Nc3nc(Nc4ccccc4)c4[nH]cnc4n3)(CO1)C2,<rdkit.Chem.rdchem.Mol object at 0x1648f28f0>,CCC12CCC(Nc3nc(Nc4ccccc4)c4[nH]cnc4n3)(CO1)C2,m_27____19140552____10803818,350.4,2.9406043190000006,5,6,3,393,0.2545454545454545,<rdkit.Chem.rdchem.Mol object at 0x174c81d90>,5.115983806554921
,COCC[C@H]1CCC[C@@H]1Nc1nc(Nc2ccccc2)c2[nH]cnc2n1,<rdkit.Chem.rdchem.Mol object at 0x1648f29d0>,COCC[C@H]1CCC[C@@H]1Nc1nc(Nc2ccccc2)c2[nH]cnc2n1,s_27____25526276____10803818,352.4,3.217636893,7,6,3,389,0.2545454545454545,<rdkit.Chem.rdchem.Mol object at 0x174c81e00>,5.31642905597914
,c1ccc(Nc2nc(N[C@H]3CC[C@H](OC4CCC4)CC3)nc3[nH]cnc23)cc1,<rdkit.Chem.rdchem.Mol object at 0x1648f2ab0>,c1ccc(Nc2nc(NC3CCC(OC4CCC4)CC3)nc3nc[nH]c23)cc1,s_27____25810276____10803818,378.5,3.812757358,6,6,3,1369,0.2545454545454545,<rdkit.Chem.rdchem.Mol object at 0x174c81cb0>,5.288776230470533
,c1ccc(Nc2nc(N[C@H]3C[C@@H]3C3CCOCC3)nc3[nH]cnc23)cc1,<rdkit.Chem.rdchem.Mol object at 0x1648f2b90>,c1ccc(Nc2nc(N[C@H]3C[C@@H]3C3CCOCC3)nc3nc[nH]c23)cc1,s_27____12640862____10803818,350.4,2.5865544413333335,5,6,3,1375,0.2545454545454545,<rdkit.Chem.rdchem.Mol object at 0x174c81bd0>,4.741005624878899
,COCC1(CNc2nc(Nc3ccccc3)c3[nH]cnc3n2)CCCCCC1,<rdkit.Chem.rdchem.Mol object at 0x1648f2c70>,COCC1(CNc2nc(Nc3ccccc3)c3[nH]cnc3n2)CCCCCC1,s_27____25809956____10803818,380.5,4.146153778333332,7,6,3,344,0.2545454545454545,<rdkit.Chem.rdchem.Mol object at 0x174c827a0>,5.1629533088259
,CC1(C)COC[C@]1(O)CNc1nc(Nc2ccccc2)c2[nH]cnc2n1,<rdkit.Chem.rdchem.Mol object at 0x1648f2d50>,CC1(C)COCC1(O)CNc1nc(Nc2ccccc2)c2[nH]cnc2n1,s_27____25523208____10803818,354.4,1.9535138493333335,5,7,4,1396,0.2545454545454545,<rdkit.Chem.rdchem.Mol object at 0x174c829d0>,4.475609942903222
,c1ccc(Nc2nc(N[C@H]3CC[C@H](OC4CC4)CC3)nc3[nH]cnc23)cc1,<rdkit.Chem.rdchem.Mol object at 0x1648f2e30>,c1ccc(Nc2nc(N[C@H]3CC[C@H](OC4CC4)CC3)nc3nc[nH]c23)cc1,s_27____26083236____10803818,364.5,3.368188693,6,6,3,1398,0.2545454545454545,<rdkit.Chem.rdchem.Mol object at 0x174c828f0>,5.049401464638006
,CCCCOC[C@H](O)CNc1nc(Nc2ccccc2)c2[nH]cnc2n1,<rdkit.Chem.rdchem.Mol object at 0x1648f2f10>,CCCCOCC(O)CNc1nc(Nc2ccccc2)c2[nH]cnc2n1,s_27____25523370____10803818,356.4,2.4935342123333326,10,7,4,1332,0.2545454545454545,<rdkit.Chem.rdchem.Mol object at 0x174c826c0>,4.948847051733407
,COC[C@]12C[C@](Nc3nc(Nc4ccccc4)c4[nH]cnc4n3)(CO1)C2,<rdkit.Chem.rdchem.Mol object at 0x1648f2ff0>,COCC12CC(Nc3nc(Nc4ccccc4)c4[nH]cnc4n3)(CO1)C2,s_27____19885886____10803818,352.4,1.4969357899999998,6,7,3,328,0.2545454545454545,<rdkit.Chem.rdchem.Mol object at 0x174c82810>,5.235467220638936
,c1ccc(Nc2nc(N[C@]34CCCCC[C@@H]3OCC4)nc3[nH]cnc23)cc1,<rdkit.Chem.rdchem.Mol object at 0x1648f30d0>,c1ccc(Nc2nc(NC34CCCCCC3OCC4)nc3nc[nH]c23)cc1,s_27____25557122____10803818,364.5,3.4712112506666672,4,6,3,1401,0.2545454545454545,<rdkit.Chem.rdchem.Mol object at 0x174c825e0>,4.904689182791315
,c1ccc(Nc2nc(NC[C@H]3C[C@H]4COC[C@@H](C3)C4)nc3[nH]cnc23)cc1,<rdkit.Chem.rdchem.Mol object at 0x1648f31b0>,c1ccc(Nc2nc(NC[C@H]3C[C@H]4COC[C@@H](C3)C4)nc3nc[nH]c23)cc1,m_27____25523998____10803818,364.5,2.9795209079999996,5,6,3,323,0.2545454545454545,<rdkit.Chem.rdchem.Mol object at 0x174c82570>,4.789125932817975
,COC1(CNc2nc(Nc3ccccc3)c3[nH]cnc3n2)CCCCCC1,<rdkit.Chem.rdchem.Mol object at 0x1648f3300>,COC1(CNc2nc(Nc3ccccc3)c3[nH]cnc3n2)CCCCCC1,s_27____13443312____10803818,366.5,3.9675780499999993,6,6,3,320,0.2545454545454545,<rdkit.Chem.rdchem.Mol object at 0x174c82730>,5.307173142895887
,c1ccc(Nc2nc(NC[C@H]3COC4(CCC4)CO3)nc3[nH]cnc23)cc1,<rdkit.Chem.rdchem.Mol object at 0x1648f33e0>,c1ccc(Nc2nc(NCC3COC4(CCC4)CO3)nc3nc[nH]c23)cc1,s_27____25523400____10803818,366.4,2.475138673333334,5,7,3,318,0.2545454545454545,<rdkit.Chem.rdchem.Mol object at 0x174c82500>,4.925697901175804
,CCCO[C@@H]1CCCC[C@H]1Nc1nc(Nc2ccccc2)c2[nH]cnc2n1,<rdkit.Chem.rdchem.Mol object at 0x1648f34c0>,CCCO[C@@H]1CCCC[C@H]1Nc1nc(Nc2ccccc2)c2[nH]cnc2n1,s_27____15757138____10803818,366.5,4.093769426000001,7,6,3,314,0.2545454545454545,<rdkit.Chem.rdchem.Mol object at 0x174c82f10>,5.990613150051826
,CC(C)[C@@H]1OCC[C@H]1CNc1nc(Nc2ccccc2)c2[nH]cnc2n1,<rdkit.Chem.rdchem.Mol object at 0x1648f35a0>,CC(C)C1OCCC1CNc1nc(Nc2ccccc2)c2[nH]cnc2n1,s_27____9353730____10803818,352.4,3.1697908009999995,6,6,3,305,0.2545454545454545,<rdkit.Chem.rdchem.Mol object at 0x174c823b0>,4.6448315963988405
,c1ccc(Nc2nc(NCC[C@H]3COCC4(CCC4)O3)nc3[nH]cnc23)cc1,<rdkit.Chem.rdchem.Mol object at 0x1648f3680>,c1ccc(Nc2nc(NCCC3COCC4(CCC4)O3)nc3nc[nH]c23)cc1,s_27____25523972____10803818,380.5,2.5350984123333324,6,7,3,294,0.2545454545454545,<rdkit.Chem.rdchem.Mol object at 0x174c82650>,4.974147709620673
,c1ccc(Nc2nc(NCCCOCC3CCC3)nc3[nH]cnc23)cc1,<rdkit.Chem.rdchem.Mol object at 0x1648f3760>,c1ccc(Nc2nc(NCCCOCC3CCC3)nc3nc[nH]c23)cc1,s_27____25523614____10803818,352.4,3.085075817,9,6,3,1405,0.2545454545454545,<rdkit.Chem.rdchem.Mol object at 0x174c82f80>,4.873413629202467
,CC(C)(C)O[C@H]1C[C@H](CCNc2nc(Nc3ccccc3)c3[nH]cnc3n2)C1,<rdkit.Chem.rdchem.Mol object at 0x1648f3840>,CC(C)(C)O[C@H]1C[C@H](CCNc2nc(Nc3ccccc3)c3[nH]cnc3n2)C1,s_27____25543526____10803818,380.5,3.7490741456666665,8,6,3,431,0.2545454545454545,<rdkit.Chem.rdchem.Mol object at 0x174c82490>,5.049596252343667
,c1ccc(Nc2nc(NC[C@H]3OCCOC34CCC4)nc3[nH]cnc23)cc1,<rdkit.Chem.rdchem.Mol object at 0x1648f3920>,c1ccc(Nc2nc(NCC3OCCOC34CCC4)nc3nc[nH]c23)cc1,s_27____21209474____10803818,366.4,2.475138673333334,5,7,3,1352,0.2545454545454545,<rdkit.Chem.rdchem.Mol object at 0x174c82ff0>,4.964090259193207
,c1ccc(Nc2nc(NC[C@H]3C[C@]4(CCCO4)C3)nc3[nH]cnc23)cc1,<rdkit.Chem.rdchem.Mol object at 0x17f09eab0>,c1ccc(Nc2nc(NCC3CC4(CCCO4)C3)nc3nc[nH]c23)cc1,s_27____25523260____10803818,350.4,2.658065743333334,5,6,3,1347,0.2545454545454545,<rdkit.Chem.rdchem.Mol object at 0x174c830d0>,4.306552511802272
,c1ccc(Nc2nc(NCCCOCC3CCOCC3)nc3[nH]cnc23)cc1,<rdkit.Chem.rdchem.Mol object at 0x17f09e810>,c1ccc(Nc2nc(NCCCOCC3CCOCC3)nc3nc[nH]c23)cc1,s_27____5506460____10803818,382.5,2.2817167236666664,9,7,3,441,0.2545454545454545,<rdkit.Chem.rdchem.Mol object at 0x174c83060>,5.148688874290876
,CC1(C)CC(CCNc2nc(Nc3ccccc3)c3[nH]cnc3n2)CC(C)(C)O1,<rdkit.Chem.rdchem.Mol object at 0x17f09e8f0>,CC1(C)CC(CCNc2nc(Nc3ccccc3)c3[nH]cnc3n2)CC(C)(C)O1,s_27____25521164____10803818,394.5,4.029650814,6,6,3,1335,0.2545454545454545,<rdkit.Chem.rdchem.Mol object at 0x174c80d60>,4.871997294800278
,O[C@@H](CCNc1nc(Nc2ccccc2)c2[nH]cnc2n1)C1CCOCC1,<rdkit.Chem.rdchem.Mol object at 0x17ebda340>,OC(CCNc1nc(Nc2ccccc2)c2[nH]cnc2n1)C1CCOCC1,s_27____25522592____10803818,368.4,1.6983572899999997,7,7,4,543,0.2545454545454545,<rdkit.Chem.rdchem.Mol object at 0x174c80dd0>,5.499378893005159
,c1ccc(Nc2nc(NC[C@H]3CCC[C@@]4(CCOC4)O3)nc3[nH]cnc23)cc1,<rdkit.Chem.rdchem.Mol object at 0x17ebda420>,c1ccc(Nc2nc(NCC3CCCC4(CCOC4)O3)nc3nc[nH]c23)cc1,s_27____14051036____10803818,380.5,2.5350984123333324,5,7,3,530,0.2545454545454545,<rdkit.Chem.rdchem.Mol object at 0x174c80f20>,4.782696427779299
,CC(C)(C)OC[C@H](O)CNc1nc(Nc2ccccc2)c2[nH]cnc2n1,<rdkit.Chem.rdchem.Mol object at 0x17ebda0a0>,CC(C)(C)OCC(O)CNc1nc(Nc2ccccc2)c2[nH]cnc2n1,s_27____25523000____10803818,356.4,2.223594845333334,8,7,4,529,0.2545454545454545,<rdkit.Chem.rdchem.Mol object at 0x174c80e40>,4.600306342234467
,C[C@@](O)(CNc1nc(Nc2ccccc2)c2[nH]cnc2n1)[C@@H]1CCCOC1,<rdkit.Chem.rdchem.Mol object at 0x1648f3a00>,CC(O)(CNc1nc(Nc2ccccc2)c2[nH]cnc2n1)C1CCCOC1,s_27____16718264____10803818,368.4,1.9605309463333336,6,7,4,685,0.2545454545454545,<rdkit.Chem.rdchem.Mol object at 0x174c80f90>,5.01947444654564
,c1ccc(Nc2nc(NC[C@@H]3COC4(CCC4)C3)nc3[nH]cnc23)cc1,<rdkit.Chem.rdchem.Mol object at 0x1648f3ae0>,c1ccc(Nc2nc(NCC3COC4(CCC4)C3)nc3nc[nH]c23)cc1,m_27____25524420____10803818,350.4,2.699622470333334,5,6,3,516,0.2545454545454545,<rdkit.Chem.rdchem.Mol object at 0x174c80eb0>,5.045405683900609
,COCCC1(CNc2nc(Nc3ccccc3)c3[nH]cnc3n2)CCCCC1,<rdkit.Chem.rdchem.Mol object at 0x1648f3bc0>,COCCC1(CNc2nc(Nc3ccccc3)c3[nH]cnc3n2)CCCCC1,s_27____8993146____10803818,380.5,3.990246318333333,8,6,3,512,0.2545454545454545,<rdkit.Chem.rdchem.Mol object at 0x174c810e0>,5.036010296347724
,c1ccc(Nc2nc(NC3CCC4(CCOCC4)CC3)nc3[nH]cnc23)cc1,<rdkit.Chem.rdchem.Mol object at 0x1648f3ca0>,c1ccc(Nc2nc(NC3CCC4(CCOCC4)CC3)nc3nc[nH]c23)cc1,s_27____6815876____10803818,378.5,3.4107660649999993,4,6,3,1339,0.2545454545454545,<rdkit.Chem.rdchem.Mol object at 0x174c81070>,5.156560867988635
,c1ccc(Nc2nc(NCC[C@@H]3COC4(CCC4)CO3)nc3[nH]cnc23)cc1,<rdkit.Chem.rdchem.Mol object at 0x1648f3d80>,c1ccc(Nc2nc(NCCC3COC4(CCC4)CO3)nc3nc[nH]c23)cc1,s_27____25521666____10803818,380.5,2.5350984123333324,6,7,3,505,0.2545454545454545,<rdkit.Chem.rdchem.Mol object at 0x174c81000>,4.842484849123698
,c1ccc(Nc2nc(NCCOC[C@H]3CCCO3)nc3[nH]cnc23)cc1,<rdkit.Chem.rdchem.Mol object at 0x1648f3e60>,c1ccc(Nc2nc(NCCOCC3CCCO3)nc3nc[nH]c23)cc1,s_27____4969524____10803818,354.4,2.2185591680000005,8,7,3,498,0.2545454545454545,<rdkit.Chem.rdchem.Mol object at 0x174c81230>,4.9703649799962015
,c1ccc(Nc2nc(N[C@H]3CC[C@H](OC[C@H]4CCCO4)CC3)nc3[nH]cnc23)cc1,<rdkit.Chem.rdchem.Mol object at 0x1648f3f40>,c1ccc(Nc2nc(NC3CCC(OCC4CCCO4)CC3)nc3nc[nH]c23)cc1,s_27____25524010____10803818,408.5,3.3212131846666657,7,7,3,496,0.2545454545454545,<rdkit.Chem.rdchem.Mol object at 0x174c811c0>,6.2499272415857225
,CC1(C)C[C@@H](CCNc2nc(Nc3ccccc3)c3[nH]cnc3n2)CCO1,<rdkit.Chem.rdchem.Mol object at 0x164838120>,CC1(C)CC(CCNc2nc(Nc3ccccc3)c3[nH]cnc3n2)CCO1,s_27____25521454____10803818,366.5,3.3324991209999997,6,6,3,495,0.2545454545454545,<rdkit.Chem.rdchem.Mol object at 0x174c81380>,4.776984504137978
,CC(C)(CNc1nc(Nc2ccccc2)c2[nH]cnc2n1)COC(C)(C)C,<rdkit.Chem.rdchem.Mol object at 0x164838200>,CC(C)(CNc1nc(Nc2ccccc2)c2[nH]cnc2n1)COC(C)(C)C,s_27____25541566____10803818,368.5,3.8855646686666656,8,6,3,493,0.2545454545454545,<rdkit.Chem.rdchem.Mol object at 0x174c81150>,5.205496106205363
,c1ccc(Nc2nc(NCCOC3CCCCC3)nc3[nH]cnc23)cc1,<rdkit.Chem.rdchem.Mol object at 0x1648382e0>,c1ccc(Nc2nc(NCCOC3CCCCC3)nc3nc[nH]c23)cc1,s_27____1161172____10803818,352.4,3.599240671333334,7,6,3,1342,0.2545454545454545,<rdkit.Chem.rdchem.Mol object at 0x174c812a0>,4.544319721575672
,C[C@@H]1CCCC[C@H]1OCCNc1nc(Nc2ccccc2)c2[nH]cnc2n1,<rdkit.Chem.rdchem.Mol object at 0x1648383c0>,CC1CCCCC1OCCNc1nc(Nc2ccccc2)c2[nH]cnc2n1,s_27____772112____10803818,366.5,3.964213497666667,7,6,3,484,0.2545454545454545,<rdkit.Chem.rdchem.Mol object at 0x174c822d0>,4.847244671602982
,CN(CC[C@H](O)C(C)(C)C)c1nc(Nc2ccccc2)c2[nH]cnc2n1,<rdkit.Chem.rdchem.Mol object at 0x1648384a0>,CN(CCC(O)C(C)(C)C)c1nc(Nc2ccccc2)c2[nH]cnc2n1,s_27____25523196____10803818,354.5,3.5341402023333335,7,6,3,479,0.2545454545454545,<rdkit.Chem.rdchem.Mol object at 0x174c81310>,4.437297064060393
,CC(C)(C)[C@H]1C[C@@H](Nc2nc(Nc3ccccc3)c3[nH]cnc3n2)CCO1,<rdkit.Chem.rdchem.Mol object at 0x164838580>,CC(C)(C)C1CC(Nc2nc(Nc3ccccc3)c3[nH]cnc3n2)CCO1,s_27____7944786____10803818,366.5,3.490202840333333,5,6,3,470,0.2545454545454545,<rdkit.Chem.rdchem.Mol object at 0x174c813f0>,5.228879322420642
,C[C@]12CC[C@](Nc3nc(Nc4ccccc4)c4[nH]cnc4n3)(CC1)CO2,<rdkit.Chem.rdchem.Mol object at 0x164838660>,CC12CCC(Nc3nc(Nc4ccccc4)c4[nH]cnc4n3)(CC1)CO2,m_27____25557544____10803818,350.4,2.9354445950000008,4,6,3,452,0.2545454545454545,<rdkit.Chem.rdchem.Mol object at 0x174c81540>,4.948290814750073
,CC1(C)OCCC[C@@H]1CNc1nc(Nc2ccccc2)c2[nH]cnc2n1,<rdkit.Chem.rdchem.Mol object at 0x164838740>,CC1(C)OCCCC1CNc1nc(Nc2ccccc2)c2[nH]cnc2n1,s_27____25523864____10803818,352.4,3.007440912999999,5,6,3,443,0.2545454545454545,<rdkit.Chem.rdchem.Mol object at 0x174c81460>,4.571715234472293
,CO[C@H](CNc1nc(Nc2ccccc2)c2[nH]cnc2n1)CC1CCCCC1,<rdkit.Chem.rdchem.Mol object at 0x164838820>,COC(CNc1nc(Nc2ccccc2)c2[nH]cnc2n1)CC1CCCCC1,s_27____21594584____10803818,380.5,4.340635412999999,8,6,3,680,0.2545454545454545,<rdkit.Chem.rdchem.Mol object at 0x174c814d0>,5.032402833101831
,c1ccc(Nc2nc(NCC3(C4CC4)CCOCC3)nc3[nH]cnc23)cc1,<rdkit.Chem.rdchem.Mol object at 0x164838900>,c1ccc(Nc2nc(NCC3(C4CC4)CCOCC3)nc3nc[nH]c23)cc1,s_27____25541460____10803818,364.5,2.914595201666666,6,6,3,1138,0.2545454545454545,<rdkit.Chem.rdchem.Mol object at 0x174c815b0>,4.979737751466713
,CC(C)(C)O[C@@H]1CC[C@H]1CNc1nc(Nc2ccccc2)c2[nH]cnc2n1,<rdkit.Chem.rdchem.Mol object at 0x1648389e0>,CC(C)(C)O[C@@H]1CC[C@H]1CNc1nc(Nc2ccccc2)c2[nH]cnc2n1,s_27____25541658____10803818,366.5,3.424015937666666,7,6,3,689,0.2545454545454545,<rdkit.Chem.rdchem.Mol object at 0x174c81700>,4.702661552332039
,CC(C)(C)[C@@H](CNc1nc(Nc2ccccc2)c2[nH]cnc2n1)OCCO,<rdkit.Chem.rdchem.Mol object at 0x164838ac0>,CC(C)(C)C(CNc1nc(Nc2ccccc2)c2[nH]cnc2n1)OCCO,s_27____15111506____10803818,370.5,2.7919392236666662,9,7,4,1233,0.2545454545454545,<rdkit.Chem.rdchem.Mol object at 0x174c81770>,4.88622211209924
,c1ccc(Nc2nc(NC[C@H]3OC[C@H]4CC[C@@H]3C4)nc3[nH]cnc23)cc1,<rdkit.Chem.rdchem.Mol object at 0x164838ba0>,c1ccc(Nc2nc(NC[C@H]3OC[C@H]4CC[C@@H]3C4)nc3nc[nH]c23)cc1,s_27____25524370____10803818,350.4,2.9763230913333336,5,6,3,1009,0.2545454545454545,<rdkit.Chem.rdchem.Mol object at 0x174c81620>,4.867660744140189
,CN1CCC([C@@](C)(O)CNc2nc(Nc3ccccc3)c3[nH]cnc3n2)CC1,<rdkit.Chem.rdchem.Mol object at 0x164838cf0>,CN1CCC(C(C)(O)CNc2nc(Nc3ccccc3)c3[nH]cnc3n2)CC1,s_27____25525338____10803818,381.5,1.9845942499999991,6,7,4,1192,0.2545454545454545,<rdkit.Chem.rdchem.Mol object at 0x174c81a10>,4.91517410928583
,c1ccc(Nc2nc(NC[C@H]3CC[C@]4(CCCOC4)O3)nc3[nH]cnc23)cc1,<rdkit.Chem.rdchem.Mol object at 0x164838dd0>,c1ccc(Nc2nc(NCC3CCC4(CCCOC4)O3)nc3nc[nH]c23)cc1,m_27____14317962____10803818,380.5,2.607892418333332,5,7,3,1001,0.2545454545454545,<rdkit.Chem.rdchem.Mol object at 0x174c81850>,5.24630073148758
,CC1(C)CC(Nc2nc(Nc3ccccc3)c3[nH]cnc3n2)CC(C)(C)O1,<rdkit.Chem.rdchem.Mol object at 0x164838eb0>,CC1(C)CC(Nc2nc(Nc3ccccc3)c3[nH]cnc3n2)CC(C)(C)O1,s_27____15426586____10803818,366.5,3.2024351303333334,4,6,3,992,0.2545454545454545,<rdkit.Chem.rdchem.Mol object at 0x174c81930>,5.110503560350924
,CCO[C@H](CCNc1nc(Nc2ccccc2)c2[nH]cnc2n1)C1CCCC1,<rdkit.Chem.rdchem.Mol object at 0x164838f90>,CCOC(CCNc1nc(Nc2ccccc2)c2[nH]cnc2n1)C1CCCC1,s_27____6475802____10803818,380.5,3.9462195066666665,9,6,3,986,0.2545454545454545,<rdkit.Chem.rdchem.Mol object at 0x174c81b60>,4.833149036583415
,CC(C)O[C@@H]1C[C@@H](Nc2nc(Nc3ccccc3)c3[nH]cnc3n2)C1(C)C,<rdkit.Chem.rdchem.Mol object at 0x164839070>,CC(C)OC1CC(Nc2nc(Nc3ccccc3)c3[nH]cnc3n2)C1(C)C,s_27____8846488____10803818,366.5,3.612956936,6,6,3,982,0.2545454545454545,<rdkit.Chem.rdchem.Mol object at 0x174cb9d20>,5.15448260487662
,CCOC1(CNc2nc(Nc3ccccc3)c3[nH]cnc3n2)CCCCCC1,<rdkit.Chem.rdchem.Mol object at 0x1648391c0>,CCOC1(CNc2nc(Nc3ccccc3)c3[nH]cnc3n2)CCCCCC1,s_27____16900364____10803818,380.5,4.324386004666666,7,6,3,974,0.2545454545454545,<rdkit.Chem.rdchem.Mol object at 0x174cb9770>,4.881337541938364
,CC(C)(C)[C@@H]1OCC[C@H]1Nc1nc(Nc2ccccc2)c2[nH]cnc2n1,<rdkit.Chem.rdchem.Mol object at 0x1648392a0>,CC(C)(C)[C@@H]1OCC[C@H]1Nc1nc(Nc2ccccc2)c2[nH]cnc2n1,s_27____25526652____10803818,352.4,3.430243101333333,5,6,3,972,0.2545454545454545,<rdkit.Chem.rdchem.Mol object at 0x174cb9850>,5.4349104875747765
,c1ccc(Nc2nc(N[C@H]3CC[C@@H](OC4CCCC4)C3)nc3[nH]cnc23)cc1,<rdkit.Chem.rdchem.Mol object at 0x164839380>,c1ccc(Nc2nc(N[C@H]3CC[C@@H](OC4CCCC4)C3)nc3nc[nH]c23)cc1,s_27____26263090____10803818,378.5,3.739963352,6,6,3,1194,0.2545454545454545,<rdkit.Chem.rdchem.Mol object at 0x174cb9700>,5.1635120263807
,CC1(C)O[C@]2(CNc3nc(Nc4ccccc4)c4[nH]cnc4n3)CC[C@H]1CC2,<rdkit.Chem.rdchem.Mol object at 0x1648394d0>,CC1(C)OC2(CNc3nc(Nc4ccccc4)c4[nH]cnc4n3)CCC1CC2,s_27____20031114____10803818,378.5,3.667032356333333,5,6,3,1197,0.2545454545454545,<rdkit.Chem.rdchem.Mol object at 0x174cb9c40>,4.7843240132166365
,CC(C)(C)O[C@@H]1CCCC[C@H]1Nc1nc(Nc2ccccc2)c2[nH]cnc2n1,<rdkit.Chem.rdchem.Mol object at 0x1648395b0>,CC(C)(C)O[C@@H]1CCCC[C@H]1Nc1nc(Nc2ccccc2)c2[nH]cnc2n1,s_27____25546094____10803818,380.5,4.268398723999999,6,6,3,963,0.2545454545454545,<rdkit.Chem.rdchem.Mol object at 0x174cbbed0>,5.674805304224847
,C[C@H](O)CN1CCC(CNc2nc(Nc3ccccc3)c3[nH]cnc3n2)CC1,<rdkit.Chem.rdchem.Mol object at 0x164839690>,CC(O)CN1CCC(CNc2nc(Nc3ccccc3)c3[nH]cnc3n2)CC1,s_27____21537500____10803818,381.5,2.0608255363333328,7,7,4,957,0.2545454545454545,<rdkit.Chem.rdchem.Mol object at 0x174cbbf40>,5.1319210196683835
,O[C@@H](CNc1nc(Nc2ccccc2)c2[nH]cnc2n1)CN1CCCCC1,<rdkit.Chem.rdchem.Mol object at 0x164839770>,OC(CNc1nc(Nc2ccccc2)c2[nH]cnc2n1)CN1CCCCC1,s_27____745888____10803818,367.5,2.08562136,7,7,4,956,0.2545454545454545,<rdkit.Chem.rdchem.Mol object at 0x174cbbe60>,5.262348023878134
,CCO[C@@H]1CCCCC[C@H]1Nc1nc(Nc2ccccc2)c2[nH]cnc2n1,<rdkit.Chem.rdchem.Mol object at 0x164839850>,CCO[C@@H]1CCCCC[C@H]1Nc1nc(Nc2ccccc2)c2[nH]cnc2n1,s_27____14787706____10803818,366.5,4.015815696000001,6,6,3,1203,0.2545454545454545,<rdkit.Chem.rdchem.Mol object at 0x174cbbd80>,5.589926272241627
,CC1(C)CC[C@@H](CCNc2nc(Nc3ccccc3)c3[nH]cnc3n2)O1,<rdkit.Chem.rdchem.Mol object at 0x164839930>,CC1(C)CCC(CCNc2nc(Nc3ccccc3)c3[nH]cnc3n2)O1,s_27____25523896____10803818,352.4,3.022646108333334,6,6,3,1206,0.2545454545454545,<rdkit.Chem.rdchem.Mol object at 0x174cbbd10>,4.856714527363461
,COC[C@H](Nc1nc(Nc2ccccc2)c2[nH]cnc2n1)C1CCOCC1,<rdkit.Chem.rdchem.Mol object at 0x164839a10>,COCC(Nc1nc(Nc2ccccc2)c2[nH]cnc2n1)C1CCOCC1,m_27____11950092____10803818,368.4,2.2815240546666673,7,7,3,949,0.2545454545454545,<rdkit.Chem.rdchem.Mol object at 0x174cbbdf0>,5.289162885450473
,COCC(C)(CNc1nc(Nc2ccccc2)c2[nH]cnc2n1)COC,<rdkit.Chem.rdchem.Mol object at 0x164839af0>,COCC(C)(CNc1nc(Nc2ccccc2)c2[nH]cnc2n1)COC,s_27____25520938____10803818,356.4,2.193960367999999,9,7,3,1211,0.2545454545454545,<rdkit.Chem.rdchem.Mol object at 0x174cbbca0>,4.756055255975958
,CC1(C)CCO[C@@H](CCNc2nc(Nc3ccccc3)c3[nH]cnc3n2)C1,<rdkit.Chem.rdchem.Mol object at 0x164839bd0>,CC1(C)CCOC(CCNc2nc(Nc3ccccc3)c3[nH]cnc3n2)C1,s_27____25523182____10803818,366.5,3.3571292966666664,6,6,3,934,0.2545454545454545,<rdkit.Chem.rdchem.Mol object at 0x174cbbc30>,4.923353789287313
,C[C@@H](CC1(O)CCOCC1)Nc1nc(Nc2ccccc2)c2[nH]cnc2n1,<rdkit.Chem.rdchem.Mol object at 0x164839cb0>,CC(CC1(O)CCOCC1)Nc1nc(Nc2ccccc2)c2[nH]cnc2n1,s_27____13780446____10803818,368.4,1.5183332096666668,6,7,4,916,0.2545454545454545,<rdkit.Chem.rdchem.Mol object at 0x174cbbb50>,4.619881524384647
,CC(C)(CNc1nc(Nc2ccccc2)c2[nH]cnc2n1)CC1CCOCC1,<rdkit.Chem.rdchem.Mol object at 0x164839d90>,CC(C)(CNc1nc(Nc2ccccc2)c2[nH]cnc2n1)CC1CCOCC1,s_27____17516062____10803818,380.5,3.822889769333333,7,6,3,913,0.2545454545454545,<rdkit.Chem.rdchem.Mol object at 0x174cbbae0>,5.105349423482651
,c1ccc(Nc2nc(N[C@@H]3CCOCC34CCCCC4)nc3[nH]cnc23)cc1,<rdkit.Chem.rdchem.Mol object at 0x164839e70>,c1ccc(Nc2nc(NC3CCOCC34CCCCC4)nc3nc[nH]c23)cc1,s_27____14727536____10803818,378.5,3.649786978999999,4,6,3,908,0.2545454545454545,<rdkit.Chem.rdchem.Mol object at 0x174cbbbc0>,5.279352056782201
,C[C@@H]1COC[C@H](CCNc2nc(Nc3ccccc3)c3[nH]cnc3n2)O1,<rdkit.Chem.rdchem.Mol object at 0x164839f50>,CC1COCC(CCNc2nc(Nc3ccccc3)c3[nH]cnc3n2)O1,s_27____25523224____10803818,354.4,2.1177715216666666,6,7,3,1182,0.2545454545454545,<rdkit.Chem.rdchem.Mol object at 0x174cbba70>,4.877128655013179
,CC(C)(CO)CN1CCC(Nc2nc(Nc3ccccc3)c3[nH]cnc3n2)CC1,<rdkit.Chem.rdchem.Mol object at 0x16483a030>,CC(C)(CO)CN1CCC(Nc2nc(Nc3ccccc3)c3[nH]cnc3n2)CC1,s_27____18059594____10803818,395.5,2.215284644333333,7,7,4,1015,0.2545454545454545,<rdkit.Chem.rdchem.Mol object at 0x174cbba00>,6.145455421248141
,CO[C@@](C)(CNc1nc(Nc2ccccc2)c2[nH]cnc2n1)CC1CCC1,<rdkit.Chem.rdchem.Mol object at 0x16483a110>,COC(C)(CNc1nc(Nc2ccccc2)c2[nH]cnc2n1)CC1CCC1,s_27____21595134____10803818,366.5,3.7320747513333328,8,6,3,1024,0.2545454545454545,<rdkit.Chem.rdchem.Mol object at 0x174cbb990>,5.187787126704964
,c1ccc(Nc2nc(N[C@H]3CC[C@H](OC4CCOCC4)CC3)nc3[nH]cnc23)cc1,<rdkit.Chem.rdchem.Mol object at 0x16483a1f0>,c1ccc(Nc2nc(N[C@H]3CC[C@H](OC4CCOCC4)CC3)nc3nc[nH]c23)cc1,s_27____26263648____10803818,408.5,2.8638102526666662,6,7,3,1080,0.2545454545454545,<rdkit.Chem.rdchem.Mol object at 0x174cbb920>,5.880649762258664
,COCC1(CNc2nc(Nc3ccccc3)c3[nH]cnc3n2)CCCCC1,<rdkit.Chem.rdchem.Mol object at 0x16483a340>,COCC1(CNc2nc(Nc3ccccc3)c3[nH]cnc3n2)CCCCC1,s_27____10345894____10803818,366.5,3.7015851133333326,7,6,3,1133,0.2545454545454545,<rdkit.Chem.rdchem.Mol object at 0x174cbb8b0>,5.269555851526586
,CC1(C)CO[C@](C)(CNc2nc(Nc3ccccc3)c3[nH]cnc3n2)CO1,<rdkit.Chem.rdchem.Mol object at 0x16483a420>,CC1(C)COC(C)(CNc2nc(Nc3ccccc3)c3[nH]cnc3n2)CO1,s_27____25525086____10803818,368.4,2.6189651193333336,5,7,3,1132,0.2545454545454545,<rdkit.Chem.rdchem.Mol object at 0x174cbb840>,4.614396982149104
,CC(C)C[C@H]1OCCC[C@H]1Nc1nc(Nc2ccccc2)c2[nH]cnc2n1,<rdkit.Chem.rdchem.Mol object at 0x16483a500>,CC(C)CC1OCCCC1Nc1nc(Nc2ccccc2)c2[nH]cnc2n1,s_27____8992500____10803818,366.5,3.936219857333333,6,6,3,1127,0.2545454545454545,<rdkit.Chem.rdchem.Mol object at 0x174cbb760>,5.414497469826656
,CCC(CC)[C@H]1C[C@H](Nc2nc(Nc3ccccc3)c3[nH]cnc3n2)CCO1,<rdkit.Chem.rdchem.Mol object at 0x16483a5e0>,CCC(CC)C1CC(Nc2nc(Nc3ccccc3)c3[nH]cnc3n2)CCO1,s_27____8366568____10803818,380.5,4.001339320333332,7,6,3,1147,0.2545454545454545,<rdkit.Chem.rdchem.Mol object at 0x174cbb7d0>,5.4271997963791545
,O[C@@H](CNc1nc(Nc2ccccc2)c2[nH]cnc2n1)[C@@H]1CCCCO1,<rdkit.Chem.rdchem.Mol object at 0x16483a6c0>,OC(CNc1nc(Nc2ccccc2)c2[nH]cnc2n1)C1CCCCO1,s_27____26263336____10803818,354.4,2.079768399333333,6,7,4,1120,0.2545454545454545,<rdkit.Chem.rdchem.Mol object at 0x174cbb680>,5.182821654473757
,CC(C)(C)O[C@@H]1CC[C@H]1Nc1nc(Nc2ccccc2)c2[nH]cnc2n1,<rdkit.Chem.rdchem.Mol object at 0x16483a7a0>,CC(C)(C)O[C@@H]1CC[C@H]1Nc1nc(Nc2ccccc2)c2[nH]cnc2n1,s_27____23862212____10803818,352.4,3.3792613940000007,6,6,3,1118,0.2545454545454545,<rdkit.Chem.rdchem.Mol object at 0x174cbb6f0>,5.62079645148925
,CCO[C@H](CNc1nc(Nc2ccccc2)c2[nH]cnc2n1)C1CCCCC1,<rdkit.Chem.rdchem.Mol object at 0x16483a880>,CCOC(CNc1nc(Nc2ccccc2)c2[nH]cnc2n1)C1CCCCC1,s_27____17757022____10803818,380.5,4.330828432666667,8,6,3,1148,0.2545454545454545,<rdkit.Chem.rdchem.Mol object at 0x174cbb5a0>,5.158366704572499
,OC1CCN(CCNc2nc(Nc3ccccc3)c3[nH]cnc3n2)CC1,<rdkit.Chem.rdchem.Mol object at 0x16483a960>,OC1CCN(CCNc2nc(Nc3ccccc3)c3[nH]cnc3n2)CC1,s_27____10813570____10803818,353.4,1.183649763000001,6,7,4,1093,0.2545454545454545,<rdkit.Chem.rdchem.Mol object at 0x174cbb610>,5.327934025507076
,CO[C@H]1CC(Nc2nc(Nc3ccccc3)c3[nH]cnc3n2)C[C@@H]1OC,<rdkit.Chem.rdchem.Mol object at 0x16483aa40>,CO[C@H]1CC(Nc2nc(Nc3ccccc3)c3[nH]cnc3n2)C[C@@H]1OC,s_27____16723066____10803818,354.4,1.880690376,6,7,3,1090,0.2545454545454545,<rdkit.Chem.rdchem.Mol object at 0x174cbb530>,5.353824601314946
,CCCO[C@H]1CC[C@H](Nc2nc(Nc3ccccc3)c3[nH]cnc3n2)CC1,<rdkit.Chem.rdchem.Mol object at 0x16483ab20>,CCCOC1CCC(Nc2nc(Nc3ccccc3)c3[nH]cnc3n2)CC1,s_27____15739040____10803818,366.5,3.781954506,7,6,3,1151,0.2545454545454545,<rdkit.Chem.rdchem.Mol object at 0x174cbb4c0>,5.717080145036265
,CC(C)(C)[C@@H]1OCCC[C@H]1CNc1nc(Nc2ccccc2)c2[nH]cnc2n1,<rdkit.Chem.rdchem.Mol object at 0x16483ac00>,CC(C)(C)C1OCCCC1CNc1nc(Nc2ccccc2)c2[nH]cnc2n1,s_27____5126186____10803818,380.5,3.992360316,6,6,3,1031,0.2545454545454545,<rdkit.Chem.rdchem.Mol object at 0x174cbb3e0>,4.394926729785574
,CC(C)(C)OCCCCCCNc1nc(Nc2ccccc2)c2[nH]cnc2n1,<rdkit.Chem.rdchem.Mol object at 0x16483ace0>,CC(C)(C)OCCCCCCNc1nc(Nc2ccccc2)c2[nH]cnc2n1,s_27____25530152____10803818,382.5,4.320389527333332,11,6,3,1152,0.2545454545454545,<rdkit.Chem.rdchem.Mol object at 0x174cbb450>,4.69421266516875
,OCCCCC1CCN(c2nc(Nc3ccccc3)c3[nH]cnc3n2)CC1,<rdkit.Chem.rdchem.Mol object at 0x16483adc0>,OCCCCC1CCN(c2nc(Nc3ccccc3)c3[nH]cnc3n2)CC1,s_27____25520956____10803818,366.5,3.5166239856666666,7,6,3,1153,0.2545454545454545,<rdkit.Chem.rdchem.Mol object at 0x174cbb370>,5.008936888856786
,COC[C@@H](Nc1nc(Nc2ccccc2)c2[nH]cnc2n1)[C@H]1CCCOC1,<rdkit.Chem.rdchem.Mol object at 0x16483aea0>,COCC(Nc1nc(Nc2ccccc2)c2[nH]cnc2n1)C1CCCOC1,s_27____13037108____10803818,368.4,2.323080781666667,7,7,3,1170,0.2545454545454545,<rdkit.Chem.rdchem.Mol object at 0x174cbb300>,5.046330943675887
,COC[C@@H](Nc1nc(Nc2ccccc2)c2[nH]cnc2n1)[C@@H]1CCCO1,<rdkit.Chem.rdchem.Mol object at 0x16483af80>,COCC(Nc1nc(Nc2ccccc2)c2[nH]cnc2n1)C1CCCO1,s_27____9452206____10803818,354.4,2.278326238000001,7,7,3,1052,0.2545454545454545,<rdkit.Chem.rdchem.Mol object at 0x174cbb290>,5.192283206801814
,CC1(OCCNc2nc(Nc3ccccc3)c3[nH]cnc3n2)CCCC1,<rdkit.Chem.rdchem.Mol object at 0x16483b060>,CC1(OCCNc2nc(Nc3ccccc3)c3[nH]cnc3n2)CCCC1,s_27____13599068____10803818,352.4,3.435248674666667,7,6,3,1177,0.2545454545454545,<rdkit.Chem.rdchem.Mol object at 0x174cbb220>,5.278563472953247
,COC1(CNc2nc(Nc3ccccc3)c3[nH]cnc3n2)CCCCCCC1,<rdkit.Chem.rdchem.Mol object at 0x16483b140>,COC1(CNc2nc(Nc3ccccc3)c3[nH]cnc3n2)CCCCCCC1,s_27____16919926____10803818,380.5,4.412146714999999,6,6,3,1178,0.2545454545454545,<rdkit.Chem.rdchem.Mol object at 0x174cbb1b0>,5.070435651184164
,c1ccc(Nc2nc(NCCCOC[C@H]3CCCO3)nc3[nH]cnc23)cc1,<rdkit.Chem.rdchem.Mol object at 0x16483b220>,c1ccc(Nc2nc(NCCCOCC3CCCO3)nc3nc[nH]c23)cc1,s_27____134549____10803818,368.4,2.2785189070000005,9,7,3,1043,0.2545454545454545,<rdkit.Chem.rdchem.Mol object at 0x174cbb140>,4.593083136686211
,c1ccc(Nc2nc(NC[C@H]3CO[C@@H]4CCC[C@H]4O3)nc3[nH]cnc23)cc1,<rdkit.Chem.rdchem.Mol object at 0x16483b300>,c1ccc(Nc2nc(NCC3COC4CCCC4O3)nc3nc[nH]c23)cc1,s_27____25524022____10803818,366.4,2.6111370296666667,5,7,3,1042,0.2545454545454545,<rdkit.Chem.rdchem.Mol object at 0x174cbb0d0>,4.973505826101979
,c1ccc(Nc2nc(NC[C@]34COC[C@H](COC3)O4)nc3[nH]cnc23)cc1,<rdkit.Chem.rdchem.Mol object at 0x16483b450>,c1ccc(Nc2nc(NCC34COCC(COC3)O4)nc3nc[nH]c23)cc1,s_27____23817912____10803818,368.4,1.40627209,5,8,3,1034,0.2545454545454545,<rdkit.Chem.rdchem.Mol object at 0x174cbb060>,4.949212022411932
,CO[C@](C)(CNc1nc(Nc2ccccc2)c2[nH]cnc2n1)C1CCOCC1,<rdkit.Chem.rdchem.Mol object at 0x16483b530>,COC(C)(CNc1nc(Nc2ccccc2)c2[nH]cnc2n1)C1CCOCC1,s_27____20762476____10803818,382.5,2.5621007229999995,7,7,3,1217,0.2545454545454545,<rdkit.Chem.rdchem.Mol object at 0x174cbaff0>,4.984355425884735
,CCO[C@H](CNc1nc(Nc2ccccc2)c2[nH]cnc2n1)C1CCOCC1,<rdkit.Chem.rdchem.Mol object at 0x16483b610>,CCOC(CNc1nc(Nc2ccccc2)c2[nH]cnc2n1)C1CCOCC1,s_27____17645768____10803818,382.5,2.6383320093333333,8,7,3,895,0.2545454545454545,<rdkit.Chem.rdchem.Mol object at 0x174cbaf80>,5.136354993886201
,CO[C@@H](CNc1nc(Nc2ccccc2)c2[nH]cnc2n1)[C@H]1CCCOC1,<rdkit.Chem.rdchem.Mol object at 0x16483b6f0>,COC(CNc1nc(Nc2ccccc2)c2[nH]cnc2n1)C1CCCOC1,s_27____13903878____10803818,368.4,2.323080781666667,7,7,3,693,0.2545454545454545,<rdkit.Chem.rdchem.Mol object at 0x174cbaf10>,5.2450270888336386
,c1ccc(Nc2nc(NC[C@H]3CCC4(CCOCC4)O3)nc3[nH]cnc23)cc1,<rdkit.Chem.rdchem.Mol object at 0x16483b7d0>,c1ccc(Nc2nc(NCC3CCC4(CCOCC4)O3)nc3nc[nH]c23)cc1,s_27____13214796____10803818,380.5,2.150489486333332,5,7,3,894,0.2545454545454545,<rdkit.Chem.rdchem.Mol object at 0x174cbae30>,4.781535573123127
,N[C@]12CC[C@](CNc3nc(Nc4ccccc4)c4[nH]cnc4n3)(CC1)OC2,<rdkit.Chem.rdchem.Mol object at 0x16483b8b0>,NC12CCC(CNc3nc(Nc4ccccc4)c4[nH]cnc4n3)(CC1)OC2,s_270166____16816618____17625750,365.4,1.6216598842332903,5,7,4,1260,0.2545454545454545,<rdkit.Chem.rdchem.Mol object at 0x174cbaea0>,4.884064999008038
,CC(C)(C)[C@@H]1OCC[C@H]1CNc1nc(Nc2ccccc2)c2[nH]cnc2n1,<rdkit.Chem.rdchem.Mol object at 0x16483b990>,CC(C)(C)[C@@H]1OCC[C@H]1CNc1nc(Nc2ccccc2)c2[nH]cnc2n1,s_27____25525998____10803818,366.5,3.547791651,6,6,3,768,0.2545454545454545,<rdkit.Chem.rdchem.Mol object at 0x174cbadc0>,4.609200454784444
,c1ccc(Nc2nc(NCCCC3CCOCC3)nc3[nH]cnc23)cc1,<rdkit.Chem.rdchem.Mol object at 0x16483ba70>,c1ccc(Nc2nc(NCCCC3CCOCC3)nc3nc[nH]c23)cc1,s_27____10639884____10803818,352.4,3.0799160929999996,7,6,3,757,0.2545454545454545,<rdkit.Chem.rdchem.Mol object at 0x174cbace0>,4.689468610617451
,CCCOC1(CNc2nc(Nc3ccccc3)c3[nH]cnc3n2)CCCCC1,<rdkit.Chem.rdchem.Mol object at 0x16483bb50>,CCCOC1(CNc2nc(Nc3ccccc3)c3[nH]cnc3n2)CCCCC1,s_27____6548850____10803818,380.5,4.402339734666666,8,6,3,1264,0.2545454545454545,<rdkit.Chem.rdchem.Mol object at 0x174cbad50>,4.930996109237679
,O[C@@]1(CNc2nc(Nc3ccccc3)c3[nH]cnc3n2)C[C@H]2CC[C@@H]1O2,<rdkit.Chem.rdchem.Mol object at 0x16483bc30>,O[C@@]1(CNc2nc(Nc3ccccc3)c3[nH]cnc3n2)C[C@H]2CC[C@@H]1O2,s_27____25525064____10803818,352.4,1.5071703136666668,5,7,4,756,0.2545454545454545,<rdkit.Chem.rdchem.Mol object at 0x174cbac00>,5.523190347340873
,c1ccc(Nc2nc(NCC3CCC4(CCOCC4)CC3)nc3[nH]cnc23)cc1,<rdkit.Chem.rdchem.Mol object at 0x16483bd80>,c1ccc(Nc2nc(NCC3CCC4(CCOCC4)CC3)nc3nc[nH]c23)cc1,s_27____25525450____10803818,392.5,3.7257788016666655,5,6,3,747,0.2545454545454545,<rdkit.Chem.rdchem.Mol object at 0x174cbac70>,4.821781344537668
,c1ccc(Nc2nc(NC[C@@H]3COCC34CCC4)nc3[nH]cnc23)cc1,<rdkit.Chem.rdchem.Mol object at 0x16483be60>,c1ccc(Nc2nc(NCC3COCC34CCC4)nc3nc[nH]c23)cc1,s_27____25529688____10803818,350.4,2.5895369936666666,5,6,3,745,0.2545454545454545,<rdkit.Chem.rdchem.Mol object at 0x174cbab90>,5.042977899735382
,c1ccc(Nc2nc(NC[C@H]3CC[C@@H](C4CC4)O3)nc3[nH]cnc23)cc1,<rdkit.Chem.rdchem.Mol object at 0x16483bf40>,c1ccc(Nc2nc(NC[C@H]3CC[C@@H](C4CC4)O3)nc3nc[nH]c23)cc1,s_27____13467706____10803818,350.4,3.1058790196666672,6,6,3,744,0.2545454545454545,<rdkit.Chem.rdchem.Mol object at 0x174cbab20>,4.51609990064227
,OCCOC1(CNc2nc(Nc3ccccc3)c3[nH]cnc3n2)CCCCC1,<rdkit.Chem.rdchem.Mol object at 0x1659040b0>,OCCOC1(CNc2nc(Nc3ccccc3)c3[nH]cnc3n2)CCCCC1,s_27____13579120____10803818,382.5,2.8329073729999994,8,7,4,739,0.2545454545454545,<rdkit.Chem.rdchem.Mol object at 0x174cbaa40>,4.820240999663067
,CC(C)(C)[C@H]1OCCC[C@@H]1Nc1nc(Nc2ccccc2)c2[nH]cnc2n1,<rdkit.Chem.rdchem.Mol object at 0x165904190>,CC(C)(C)C1OCCCC1Nc1nc(Nc2ccccc2)c2[nH]cnc2n1,s_27____25526168____10803818,366.5,3.9476057723333335,5,6,3,738,0.2545454545454545,<rdkit.Chem.rdchem.Mol object at 0x174cbaab0>,5.4417287278964075
,CCO[C@H](CNc1nc(Nc2ccccc2)c2[nH]cnc2n1)[C@@H]1CCOC1,<rdkit.Chem.rdchem.Mol object at 0x165904270>,CCOC(CNc1nc(Nc2ccccc2)c2[nH]cnc2n1)C1CCOC1,s_27____17757172____10803818,368.4,2.2353200713333328,8,7,3,733,0.2545454545454545,<rdkit.Chem.rdchem.Mol object at 0x174cba960>,5.272385747145317
,COCC(C)(C)CCCNc1nc(Nc2ccccc2)c2[nH]cnc2n1,<rdkit.Chem.rdchem.Mol object at 0x165904350>,COCC(C)(C)CCCNc1nc(Nc2ccccc2)c2[nH]cnc2n1,s_27____10210274____10803818,354.5,3.5648348909999985,9,6,3,732,0.2545454545454545,<rdkit.Chem.rdchem.Mol object at 0x174cba9d0>,4.956104955320388
,c1ccc(Nc2nc(NCCOCCC3CCCC3)nc3[nH]cnc23)cc1,<rdkit.Chem.rdchem.Mol object at 0x165904430>,c1ccc(Nc2nc(NCCOCCC3CCCC3)nc3nc[nH]c23)cc1,s_27____25522824____10803818,366.5,3.836299678,9,6,3,1273,0.2545454545454545,<rdkit.Chem.rdchem.Mol object at 0x174cba8f0>,5.0016469857859
,CCC(CC)[C@H](CNc1nc(Nc2ccccc2)c2[nH]cnc2n1)OC,<rdkit.Chem.rdchem.Mol object at 0x165904510>,CCC(CC)C(CNc1nc(Nc2ccccc2)c2[nH]cnc2n1)OC,s_27____21595212____10803818,354.5,3.9931777156666657,9,6,3,728,0.2545454545454545,<rdkit.Chem.rdchem.Mol object at 0x174cba810>,4.814989563919254
,CC(C)(C)O[C@@H]1C[C@H](Nc2nc(Nc3ccccc3)c3[nH]cnc3n2)C1(C)C,<rdkit.Chem.rdchem.Mol object at 0x1659045f0>,CC(C)(C)O[C@@H]1C[C@H](Nc2nc(Nc3ccccc3)c3[nH]cnc3n2)C1(C)C,s_27____10975362____10803818,380.5,3.893533604333333,6,6,3,720,0.2545454545454545,<rdkit.Chem.rdchem.Mol object at 0x174cba880>,5.208845567832777
,c1ccc(Nc2nc(N[C@@H]3CCO[C@]4(CCCOC4)C3)nc3[nH]cnc23)cc1,<rdkit.Chem.rdchem.Mol object at 0x165904740>,c1ccc(Nc2nc(NC3CCOC4(CCCOC4)C3)nc3nc[nH]c23)cc1,s_27____22492454____10803818,380.5,2.150489486333332,4,7,3,1135,0.2545454545454545,<rdkit.Chem.rdchem.Mol object at 0x174cba730>,5.2329171305606055
,c1ccc(Nc2nc(NC[C@H]3O[C@H]4CC[C@@H]3CC4)nc3[nH]cnc23)cc1,<rdkit.Chem.rdchem.Mol object at 0x165904820>,c1ccc(Nc2nc(NCC3OC4CCC3CC4)nc3nc[nH]c23)cc1,m_27____25525608____10803818,350.4,3.1058790196666672,5,6,3,709,0.2545454545454545,<rdkit.Chem.rdchem.Mol object at 0x174cba7a0>,4.923664137144482
,CC1(C)CC[C@H](CCNc2nc(Nc3ccccc3)c3[nH]cnc3n2)OC1,<rdkit.Chem.rdchem.Mol object at 0x165904970>,CC1(C)CCC(CCNc2nc(Nc3ccccc3)c3[nH]cnc3n2)OC1,s_27____13313306____10803818,366.5,3.5130367566666663,6,6,3,1275,0.2545454545454545,<rdkit.Chem.rdchem.Mol object at 0x174cba5e0>,4.889733897525816
,CO[C@]1(CNc2nc(Nc3ccccc3)c3[nH]cnc3n2)CC[C@H](C)CC1,<rdkit.Chem.rdchem.Mol object at 0x165904a50>,COC1(CNc2nc(Nc3ccccc3)c3[nH]cnc3n2)CCC(C)CC1,s_27____9580842____10803818,366.5,3.810028481333332,6,6,3,698,0.2545454545454545,<rdkit.Chem.rdchem.Mol object at 0x174cba6c0>,4.9886383092092
,c1ccc(Nc2nc(NC[C@H]3CCOCC34CCCC4)nc3[nH]cnc23)cc1,<rdkit.Chem.rdchem.Mol object at 0x165904b30>,c1ccc(Nc2nc(NCC3CCOCC34CCCC4)nc3nc[nH]c23)cc1,s_27____14720372____10803818,378.5,3.4371175966666665,5,6,3,697,0.2545454545454545,<rdkit.Chem.rdchem.Mol object at 0x174cba650>,4.91400387661678
,c1ccc(Nc2nc(N[C@H]3CCOC4(CCCCC4)C3)nc3[nH]cnc23)cc1,<rdkit.Chem.rdchem.Mol object at 0x165904c10>,c1ccc(Nc2nc(NC3CCOC4(CCCCC4)C3)nc3nc[nH]c23)cc1,s_27____7346342____10803818,378.5,3.5311709896666663,4,6,3,696,0.2545454545454545,<rdkit.Chem.rdchem.Mol object at 0x174cba570>,5.2098495852945295
,c1ccc(Nc2nc(NC[C@@H]3CC4(CCCCC4)CO3)nc3[nH]cnc23)cc1,<rdkit.Chem.rdchem.Mol object at 0x165904cf0>,c1ccc(Nc2nc(NCC3CC4(CCCCC4)CO3)nc3nc[nH]c23)cc1,s_27____19458264____10803818,378.5,3.878488445,5,6,3,1259,0.2545454545454545,<rdkit.Chem.rdchem.Mol object at 0x174cba500>,4.749038771022681
,O[C@H]1CCOC[C@]1(O)CNc1nc(Nc2ccccc2)c2[nH]cnc2n1,<rdkit.Chem.rdchem.Mol object at 0x165904dd0>,O[C@H]1CCOC[C@]1(O)CNc1nc(Nc2ccccc2)c2[nH]cnc2n1,s_27____23797324____10803818,356.4,0.3515037649999999,5,8,5,1254,0.2545454545454545,<rdkit.Chem.rdchem.Mol object at 0x174cba490>,4.566521979605916
,CCO[C@H]1CC[C@H](CNc2nc(Nc3ccccc3)c3[nH]cnc3n2)CC1,<rdkit.Chem.rdchem.Mol object at 0x165904eb0>,CCOC1CCC(CNc2nc(Nc3ccccc3)c3[nH]cnc3n2)CC1,s_27____18903280____10803818,366.5,3.5744448476666664,7,6,3,1253,0.2545454545454545,<rdkit.Chem.rdchem.Mol object at 0x174cba420>,5.2103828476977565
,CCCCO[C@@H]1C[C@H](Nc2nc(Nc3ccccc3)c3[nH]cnc3n2)C1(C)C,<rdkit.Chem.rdchem.Mol object at 0x165904f90>,CCCCOC1CC(Nc2nc(Nc3ccccc3)c3[nH]cnc3n2)C1(C)C,s_27____6547306____10803818,380.5,4.1634729713333325,8,6,3,834,0.2545454545454545,<rdkit.Chem.rdchem.Mol object at 0x174cba2d0>,5.486251102746004
,c1ccc(Nc2nc(N[C@H]3CCOC[C@H]3Nc3ccncn3)nc3[nH]cnc23)cc1,<rdkit.Chem.rdchem.Mol object at 0x165905070>,c1ccc(Nc2nc(N[C@H]3CCOC[C@H]3Nc3ccncn3)nc3nc[nH]c23)cc1,s_27____25557260____10803818,403.5,1.753385245333333,6,9,4,893,0.2545454545454545,<rdkit.Chem.rdchem.Mol object at 0x174cba3b0>,4.896835918386622
,OCCN(CC1CCCCC1)c1nc(Nc2ccccc2)c2[nH]cnc2n1,<rdkit.Chem.rdchem.Mol object at 0x165905150>,OCCN(CC1CCCCC1)c1nc(Nc2ccccc2)c2[nH]cnc2n1,s_27____25457226____10803818,366.5,3.9063926356666663,7,6,3,1235,0.2545454545454545,<rdkit.Chem.rdchem.Mol object at 0x174cba340>,4.61638739018314
,CC(C)CCO[C@@H]1CCCC[C@H]1Nc1nc(Nc2ccccc2)c2[nH]cnc2n1,<rdkit.Chem.rdchem.Mol object at 0x165905230>,CC(C)CCO[C@@H]1CCCC[C@H]1Nc1nc(Nc2ccccc2)c2[nH]cnc2n1,s_27____25526566____10803818,394.5,4.825357187333332,8,6,3,868,0.2545454545454545,<rdkit.Chem.rdchem.Mol object at 0x174cba1f0>,6.531132687113441
,CC[C@H]1CC[C@@H](OCCNc2nc(Nc3ccccc3)c3[nH]cnc3n2)CC1,<rdkit.Chem.rdchem.Mol object at 0x165905310>,CCC1CCC(OCCNc2nc(Nc3ccccc3)c3[nH]cnc3n2)CC1,s_27____25525586____10803818,380.5,4.330828432666667,8,6,3,864,0.2545454545454545,<rdkit.Chem.rdchem.Mol object at 0x174cba260>,5.071576936983901
,CO[C@H]1CC2(CC[C@H](CNc3nc(Nc4ccccc4)c4[nH]cnc4n3)CC2)C1,<rdkit.Chem.rdchem.Mol object at 0x1659053f0>,COC1CC2(CCC(CNc3nc(Nc4ccccc4)c4[nH]cnc4n3)CC2)C1,s_27____25530174____10803818,392.5,3.785545871666666,6,6,3,861,0.2545454545454545,<rdkit.Chem.rdchem.Mol object at 0x174cba180>,5.208320800825629
,CC(C)(C)O[C@@H]1CCC[C@H]1Nc1nc(Nc2ccccc2)c2[nH]cnc2n1,<rdkit.Chem.rdchem.Mol object at 0x165905540>,CC(C)(C)O[C@@H]1CCC[C@H]1Nc1nc(Nc2ccccc2)c2[nH]cnc2n1,s_27____22841984____10803818,366.5,3.823830059000001,6,6,3,853,0.2545454545454545,<rdkit.Chem.rdchem.Mol object at 0x174cb9fc0>,5.126911037503585
,c1ccc(Nc2nc(N[C@]34CCCC[C@H]3OCC4)nc3[nH]cnc23)cc1,<rdkit.Chem.rdchem.Mol object at 0x165905620>,c1ccc(Nc2nc(NC34CCCCC3OCC4)nc3nc[nH]c23)cc1,s_27____25557270____10803818,350.4,3.0266425856666666,4,6,3,851,0.2545454545454545,<rdkit.Chem.rdchem.Mol object at 0x174cba110>,5.099979853164767
,C[C@H]1CC[C@H](OCCCNc2nc(Nc3ccccc3)c3[nH]cnc3n2)CC1,<rdkit.Chem.rdchem.Mol object at 0x165905700>,CC1CCC(OCCCNc2nc(Nc3ccccc3)c3[nH]cnc3n2)CC1,s_27____26083168____10803818,380.5,3.9462195066666665,8,6,3,845,0.2545454545454545,<rdkit.Chem.rdchem.Mol object at 0x174cba030>,5.358256587679736
,c1ccc(Nc2nc(NC[C@H]3CCOC34CCOCC4)nc3[nH]cnc23)cc1,<rdkit.Chem.rdchem.Mol object at 0x1659057e0>,c1ccc(Nc2nc(NCC3CCOC34CCOCC4)nc3nc[nH]c23)cc1,s_27____25521308____10803818,380.5,1.750675364999999,5,7,3,286,0.2545454545454545,<rdkit.Chem.rdchem.Mol object at 0x174cba0a0>,4.9226168924031715
,c1ccc(Nc2nc(NCC[C@@H]3CCC4(CC4)CO3)nc3[nH]cnc23)cc1,<rdkit.Chem.rdchem.Mol object at 0x1659058c0>,c1ccc(Nc2nc(NCCC3CCC4(CC4)CO3)nc3nc[nH]c23)cc1,s_27____25522156____10803818,364.5,3.049310854,6,6,3,827,0.2545454545454545,<rdkit.Chem.rdchem.Mol object at 0x174cb9ee0>,4.920754028369422
,c1ccc(Nc2nc(N[C@H]3CC[C@H]4CCC[C@@H]3O4)nc3[nH]cnc23)cc1,<rdkit.Chem.rdchem.Mol object at 0x1659059a0>,c1ccc(Nc2nc(N[C@H]3CC[C@H]4CCC[C@@H]3O4)nc3nc[nH]c23)cc1,s_27____25526242____10803818,350.4,3.235434948,4,6,3,785,0.2545454545454545,<rdkit.Chem.rdchem.Mol object at 0x174cb98c0>,5.151499678790042
,C[C@@]1(Nc2nc(Nc3ccccc3)c3[nH]cnc3n2)CCO[C@H]1C1CC1,<rdkit.Chem.rdchem.Mol object at 0x165905af0>,CC1(Nc2nc(Nc3ccccc3)c3[nH]cnc3n2)CCOC1C1CC1,s_27____25557494____10803818,350.4,2.869093017,5,6,3,817,0.2545454545454545,<rdkit.Chem.rdchem.Mol object at 0x174cb97e0>,5.159865628792826
,c1ccc(Nc2nc(NCCCOCC3CCCCC3)nc3[nH]cnc23)cc1,<rdkit.Chem.rdchem.Mol object at 0x165905bd0>,c1ccc(Nc2nc(NCCCOCC3CCCCC3)nc3nc[nH]c23)cc1,s_27____25524936____10803818,380.5,3.974213146999999,9,6,3,814,0.2545454545454545,<rdkit.Chem.rdchem.Mol object at 0x17529ea40>,5.190025561548708
,CC(C)C1(CNc2nc(Nc3ccccc3)c3[nH]cnc3n2)CCOCC1,<rdkit.Chem.rdchem.Mol object at 0x165905cb0>,CC(C)C1(CNc2nc(Nc3ccccc3)c3[nH]cnc3n2)CCOCC1,s_27____25526042____10803818,366.5,3.3783211043333323,6,6,3,804,0.2545454545454545,<rdkit.Chem.rdchem.Mol object at 0x17529eab0>,5.05369040287374
,c1ccc(Nc2nc(NC[C@@H]3CCOC4(CCCC4)C3)nc3[nH]cnc23)cc1,<rdkit.Chem.rdchem.Mol object at 0x165905d90>,c1ccc(Nc2nc(NCC3CCOC4(CCCC4)C3)nc3nc[nH]c23)cc1,s_27____25521662____10803818,378.5,3.547203073333332,5,6,3,801,0.2545454545454545,<rdkit.Chem.rdchem.Mol object at 0x17529eb20>,5.168807246719357
,CC1CCN(C[C@H](O)CNc2nc(Nc3ccccc3)c3[nH]cnc3n2)CC1,<rdkit.Chem.rdchem.Mol object at 0x165905e70>,CC1CCN(CC(O)CNc2nc(Nc3ccccc3)c3[nH]cnc3n2)CC1,s_27____4509354____10803818,381.5,2.372640456333333,7,7,4,799,0.2545454545454545,<rdkit.Chem.rdchem.Mol object at 0x17529ec00>,5.085716012864408
,OCCCN1CCC(Nc2nc(Nc3ccccc3)c3[nH]cnc3n2)CC1,<rdkit.Chem.rdchem.Mol object at 0x165905f50>,OCCCN1CCC(Nc2nc(Nc3ccccc3)c3[nH]cnc3n2)CC1,s_27____23046672____10803818,367.5,1.2436095020000006,7,7,4,796,0.2545454545454545,<rdkit.Chem.rdchem.Mol object at 0x17529eb90>,5.536272501137766
,CC1(C)CCC[C@@H](CCNc2nc(Nc3ccccc3)c3[nH]cnc3n2)O1,<rdkit.Chem.rdchem.Mol object at 0x165906030>,CC1(C)CCCC(CCNc2nc(Nc3ccccc3)c3[nH]cnc3n2)O1,s_27____25521076____10803818,366.5,3.4672147733333327,6,6,3,795,0.2545454545454545,<rdkit.Chem.rdchem.Mol object at 0x17529ec70>,4.929363384843558
,CC(C)(C)O[C@H]1CC[C@H](Nc2nc(Nc3ccccc3)c3[nH]cnc3n2)CC1,<rdkit.Chem.rdchem.Mol object at 0x165906110>,CC(C)(C)O[C@H]1CC[C@H](Nc2nc(Nc3ccccc3)c3[nH]cnc3n2)CC1,s_27____15739436____10803818,380.5,3.956583804,6,6,3,1252,0.2545454545454545,<rdkit.Chem.rdchem.Mol object at 0x17529ece0>,6.181513536553343
,O[C@@H]1CCN(CCCNc2nc(Nc3ccccc3)c3[nH]cnc3n2)C1,<rdkit.Chem.rdchem.Mol object at 0x1659061f0>,O[C@@H]1CCN(CCCNc2nc(Nc3ccccc3)c3[nH]cnc3n2)C1,s_27____16789782____10803818,353.4,1.183649763000001,7,7,4,790,0.2545454545454545,<rdkit.Chem.rdchem.Mol object at 0x17529ed50>,5.002767697639416
,c1ccc(Nc2nc(NC[C@H]3C[C@H]4CCCC[C@@H]4O3)nc3[nH]cnc23)cc1,<rdkit.Chem.rdchem.Mol object at 0x1659062d0>,c1ccc(Nc2nc(NCC3C[C@H]4CCCC[C@@H]4O3)nc3nc[nH]c23)cc1,s_27____15076120____10803818,364.5,3.550447684666667,5,6,3,1274,0.2545454545454545,<rdkit.Chem.rdchem.Mol object at 0x17529ee30>,4.5696536051827605
,c1ccc(Nc2nc(NCCOCC3CCCC3)nc3[nH]cnc23)cc1,<rdkit.Chem.rdchem.Mol object at 0x165906420>,c1ccc(Nc2nc(NCCOCC3CCCC3)nc3nc[nH]c23)cc1,s_27____10890984____10803818,352.4,3.4696847429999997,8,6,3,707,0.2545454545454545,<rdkit.Chem.rdchem.Mol object at 0x17529edc0>,4.532795317232289
,CC(C)O[C@H]1CC[C@H](Nc2nc(Nc3ccccc3)c3[nH]cnc3n2)CC1,<rdkit.Chem.rdchem.Mol object at 0x165906500>,CC(C)OC1CCC(Nc2nc(Nc3ccccc3)c3[nH]cnc3n2)CC1,s_27____12214496____10803818,366.5,3.6760071356666657,6,6,3,144,0.2545454545454545,<rdkit.Chem.rdchem.Mol object at 0x17529eea0>,5.7510001384153435
,CC1(C)CC[C@H](CCCNc2nc(Nc3ccccc3)c3[nH]cnc3n2)O1,<rdkit.Chem.rdchem.Mol object at 0x1659065e0>,CC1(C)CCC(CCCNc2nc(Nc3ccccc3)c3[nH]cnc3n2)O1,s_27____25520804____10803818,366.5,3.5400087793333324,7,6,3,136,0.2545454545454545,<rdkit.Chem.rdchem.Mol object at 0x17529ef10>,5.002652379178777
,CO[C@](C)(CNc1nc(Nc2ccccc2)c2[nH]cnc2n1)C1CCCCC1,<rdkit.Chem.rdchem.Mol object at 0x1659066c0>,COC(C)(CNc1nc(Nc2ccccc2)c2[nH]cnc2n1)C1CCCCC1,s_27____16507914____10803818,380.5,4.254597146333332,7,6,3,34,0.2545454545454545,<rdkit.Chem.rdchem.Mol object at 0x17529eff0>,4.901119717128466
,c1ccc(Nc2nc(NC[C@@H]3CC[C@H]4COCC[C@@H]4O3)nc3[nH]cnc23)cc1,<rdkit.Chem.rdchem.Mol object at 0x1659067a0>,c1ccc(Nc2nc(NCC3CCC4COCCC4O3)nc3nc[nH]c23)cc1,s_27____25521532____10803818,380.5,2.271282647333333,5,7,3,157,0.2545454545454545,<rdkit.Chem.rdchem.Mol object at 0x17529ef80>,5.009630527548712
,CC1(C)C[C@]2(CC[C@@H](Nc3nc(Nc4ccccc4)c4[nH]cnc4n3)CC2)CO1,<rdkit.Chem.rdchem.Mol object at 0x1659068f0>,CC1(C)CC2(CCC(Nc3nc(Nc4ccccc4)c4[nH]cnc4n3)CC2)CO1,s_27____13462070____10803818,392.5,3.8192565529999993,4,6,3,266,0.2545454545454545,<rdkit.Chem.rdchem.Mol object at 0x17529f060>,5.874082561823423
,OCCOC1(CNc2nc(Nc3ccccc3)c3[nH]cnc3n2)CCCC1,<rdkit.Chem.rdchem.Mol object at 0x165906a40>,OCCOC1(CNc2nc(Nc3ccccc3)c3[nH]cnc3n2)CCCC1,s_27____13812858____10803818,368.4,2.3883387079999996,8,7,4,267,0.2545454545454545,<rdkit.Chem.rdchem.Mol object at 0x17529f0d0>,5.30023820916734
,CC(C)(CNc1nc(Nc2ccccc2)c2[nH]cnc2n1)[C@@H]1CCOC1,<rdkit.Chem.rdchem.Mol object at 0x165906b20>,CC(C)(CNc1nc(Nc2ccccc2)c2[nH]cnc2n1)C1CCOC1,s_27____25523762____10803818,352.4,3.0117061693333325,6,6,3,94,0.2545454545454545,<rdkit.Chem.rdchem.Mol object at 0x17529f1b0>,5.020418431705226
,c1ccc(Nc2nc(NCC3(CC4CC4)CCOCC3)nc3[nH]cnc23)cc1,<rdkit.Chem.rdchem.Mol object at 0x165906c00>,c1ccc(Nc2nc(NCC3(CC4CC4)CCOCC3)nc3nc[nH]c23)cc1,s_27____25810066____10803818,378.5,3.359163866666666,7,6,3,95,0.2545454545454545,<rdkit.Chem.rdchem.Mol object at 0x17529f140>,5.260151316381643
,CC1(C)OCC[C@H]1CCNc1nc(Nc2ccccc2)c2[nH]cnc2n1,<rdkit.Chem.rdchem.Mol object at 0x165906ce0>,CC1(C)OCCC1CCNc1nc(Nc2ccccc2)c2[nH]cnc2n1,s_27____25525022____10803818,352.4,2.9658841860000003,6,6,3,26,0.2545454545454545,<rdkit.Chem.rdchem.Mol object at 0x17529f220>,4.626324584538449
,OCCN1CCC(CNc2nc(Nc3ccccc3)c3[nH]cnc3n2)CC1,<rdkit.Chem.rdchem.Mol object at 0x165906dc0>,OCCN1CCC(CNc2nc(Nc3ccccc3)c3[nH]cnc3n2)CC1,s_27____3696208____10803818,367.5,1.6442505116666666,7,7,4,222,0.2545454545454545,<rdkit.Chem.rdchem.Mol object at 0x17529f290>,5.0491255494116185
,CO[C@@H](CNc1nc(Nc2ccccc2)c2[nH]cnc2n1)C1CC(C)(C)C1,<rdkit.Chem.rdchem.Mol object at 0x165906ea0>,COC(CNc1nc(Nc2ccccc2)c2[nH]cnc2n1)C1CC(C)(C)C1,s_27____25526016____10803818,366.5,3.671949364333333,7,6,3,231,0.2545454545454545,<rdkit.Chem.rdchem.Mol object at 0x17529f300>,5.045827843555987
,C[C@@H]1CC(CCNc2nc(Nc3ccccc3)c3[nH]cnc3n2)C[C@@H](C)O1,<rdkit.Chem.rdchem.Mol object at 0x165906f80>,CC1CC(CCNc2nc(Nc3ccccc3)c3[nH]cnc3n2)CC(C)O1,s_27____9876646____10803818,366.5,3.468497477333333,6,6,3,100,0.2545454545454545,<rdkit.Chem.rdchem.Mol object at 0x17529f3e0>,5.347949176714764
,c1ccc(Nc2nc(NC[C@H]3CC[C@@H]4CCC[C@@H]4O3)nc3[nH]cnc23)cc1,<rdkit.Chem.rdchem.Mol object at 0x165907060>,c1ccc(Nc2nc(NCC3CCC4CCCC4O3)nc3nc[nH]c23)cc1,s_27____25521070____10803818,364.5,3.550447684666667,5,6,3,200,0.2545454545454545,<rdkit.Chem.rdchem.Mol object at 0x17529f370>,4.922560708691673
,CC1(C)CCCO[C@@H]1CCNc1nc(Nc2ccccc2)c2[nH]cnc2n1,<rdkit.Chem.rdchem.Mol object at 0x1659071b0>,CC1(C)CCCOC1CCNc1nc(Nc2ccccc2)c2[nH]cnc2n1,s_27____15075560____10803818,366.5,3.5130367566666663,6,6,3,271,0.2545454545454545,<rdkit.Chem.rdchem.Mol object at 0x17529f450>,4.6693471908589
,CC(C)OCC(C)(C)CNc1nc(Nc2ccccc2)c2[nH]cnc2n1,<rdkit.Chem.rdchem.Mol object at 0x165907290>,CC(C)OCC(C)(C)CNc1nc(Nc2ccccc2)c2[nH]cnc2n1,s_27____25524740____10803818,354.5,3.604988000333333,8,6,3,20,0.2545454545454545,<rdkit.Chem.rdchem.Mol object at 0x17529f4c0>,4.769355804012114
,CC(C)(C)OCCCCNc1nc(Nc2ccccc2)c2[nH]cnc2n1,<rdkit.Chem.rdchem.Mol object at 0x165907370>,CC(C)(C)OCCCCNc1nc(Nc2ccccc2)c2[nH]cnc2n1,s_27____15773040____10803818,354.5,3.431252197333333,9,6,3,178,0.2545454545454545,<rdkit.Chem.rdchem.Mol object at 0x17529f530>,5.077339563275716
