Molecule,SMILES,CatalogID,MW,LOGP,Rotating_bonds,HB_acceptors,HB_donors,index_ID,fp_similarity,mol,mol_prepared
<rdkit.Chem.rdchem.Mol object at 0x30018b7d0>,c1ccc(Nc2nc(N[C@H]3CC[C@H](Oc4cnccn4)CC3)nc3nc[nH]c23)cc1,s_27____12806124____10803818,402.5,2.752761947666667,6,8,3,1261,0.8085106382978723,<rdkit.Chem.rdchem.Mol object at 0x3030ec040>,<rdkit.Chem.rdchem.Mol object at 0x3030f1540>
<rdkit.Chem.rdchem.Mol object at 0x30016b370>,c1ccc(Nc2nc(N[C@H]3C[C@@H](Oc4ccccc4)C3)nc3nc[nH]c23)cc1,s_27____12060302____10803818,372.4,3.5589239296666664,6,6,3,1193,0.7659574468085106,<rdkit.Chem.rdchem.Mol object at 0x3030ed380>,<rdkit.Chem.rdchem.Mol object at 0x3030f13f0>
<rdkit.Chem.rdchem.Mol object at 0x3001ce0a0>,c1ccc(Nc2nc(NCCCOc3ccncc3)nc3nc[nH]c23)cc1,s_27____8925170____10803818,361.4,2.333282567,8,7,3,1366,0.7659574468085106,<rdkit.Chem.rdchem.Mol object at 0x3030ec120>,<rdkit.Chem.rdchem.Mol object at 0x3030f2d50>
<rdkit.Chem.rdchem.Mol object at 0x177639a80>,c1ccc(Nc2nc(N[C@H]3C[C@@H](COc4ccccc4)C3)nc3nc[nH]c23)cc1,s_27____16536078____10803818,386.5,4.019524678333333,7,6,3,572,0.7659574468085106,<rdkit.Chem.rdchem.Mol object at 0x3030ec190>,<rdkit.Chem.rdchem.Mol object at 0x3030f1230>
<rdkit.Chem.rdchem.Mol object at 0x30014a8f0>,COc1ccc(OCCNc2nc(Nc3ccccc3)c3[nH]cnc3n2)cn1,s_27____25521510____10803818,377.4,2.710109092333334,8,8,3,1116,0.7659574468085106,<rdkit.Chem.rdchem.Mol object at 0x3030ec200>,<rdkit.Chem.rdchem.Mol object at 0x3030f2ce0>
<rdkit.Chem.rdchem.Mol object at 0x300148c80>,COc1ccc(OCCCNc2nc(Nc3ccccc3)c3[nH]cnc3n2)cc1,s_27____1323026____10803818,390.4,3.3932837283333335,9,7,3,1088,0.7659574468085106,<rdkit.Chem.rdchem.Mol object at 0x3030ec270>,<rdkit.Chem.rdchem.Mol object at 0x3030f1150>
<rdkit.Chem.rdchem.Mol object at 0x30012e880>,COc1ccccc1OCC(C)Nc1nc(Nc2ccccc2)c2[nH]cnc2n1,s_27____2087944____10803818,390.4,3.749899014,8,7,3,1053,0.7659574468085106,<rdkit.Chem.rdchem.Mol object at 0x3030ec2e0>,<rdkit.Chem.rdchem.Mol object at 0x3030f2dc0>
<rdkit.Chem.rdchem.Mol object at 0x300169d20>,COc1ccccc1OCCCNc1nc(Nc2ccccc2)c2[nH]cnc2n1,s_27____3365314____10803818,390.4,3.3932837283333335,9,7,3,1169,0.7659574468085106,<rdkit.Chem.rdchem.Mol object at 0x3030ec350>,<rdkit.Chem.rdchem.Mol object at 0x3030f2e30>
<rdkit.Chem.rdchem.Mol object at 0x16c02ab90>,COc1cc(OC)cc(OCCCNc2nc(Nc3ccccc3)c3[nH]cnc3n2)c1,s_27____6887428____10803818,420.5,3.2356124626666674,10,8,3,198,0.7659574468085106,<rdkit.Chem.rdchem.Mol object at 0x3030ec3c0>,<rdkit.Chem.rdchem.Mol object at 0x3030f2ea0>
<rdkit.Chem.rdchem.Mol object at 0x16c02af10>,c1ccc(Nc2nc(N[C@H]3CC[C@@H](Oc4ccccc4)CC3)nc3nc[nH]c23)cc1,s_27____23466166____10803818,400.5,4.593649271666667,6,6,3,202,0.7659574468085106,<rdkit.Chem.rdchem.Mol object at 0x3030ec4a0>,<rdkit.Chem.rdchem.Mol object at 0x3030f2f10>
<rdkit.Chem.rdchem.Mol object at 0x30016a0a0>,c1ccc(Nc2nc(NC3COc4ccccc4OC3)nc3nc[nH]c23)cc1,s_27____25523548____10803818,374.4,3.221566116,4,7,3,1173,0.7659574468085106,<rdkit.Chem.rdchem.Mol object at 0x3030ec580>,<rdkit.Chem.rdchem.Mol object at 0x3030f2f80>
<rdkit.Chem.rdchem.Mol object at 0x17761a260>,c1ccc(Nc2nc(N[C@H]3CCC[C@H]3Oc3ccccc3)nc3nc[nH]c23)cc1,s_27____25526428____10803818,386.5,4.4608955266666666,6,6,3,515,0.7659574468085106,<rdkit.Chem.rdchem.Mol object at 0x3030ec5f0>,<rdkit.Chem.rdchem.Mol object at 0x3030f2ff0>
<rdkit.Chem.rdchem.Mol object at 0x17769e7a0>,c1ccc(Nc2nc(NCCC3COc4ccccc4O3)nc3nc[nH]c23)cc1,s_27____11244338____10803818,388.4,3.281525855,6,7,3,783,0.7659574468085106,<rdkit.Chem.rdchem.Mol object at 0x3030ec660>,<rdkit.Chem.rdchem.Mol object at 0x3030f11c0>
<rdkit.Chem.rdchem.Mol object at 0x16bfe7290>,c1ccc(Nc2nc(NC3CCCCC3Oc3ccccc3)nc3nc[nH]c23)cc1,s_27____25526570____10803818,400.5,4.905464191666666,6,6,3,74,0.7659574468085106,<rdkit.Chem.rdchem.Mol object at 0x3030ec6d0>,<rdkit.Chem.rdchem.Mol object at 0x3030f3060>
<rdkit.Chem.rdchem.Mol object at 0x17769ed50>,c1ccc(Nc2nc(NCC3COc4ccccc4O3)nc3nc[nH]c23)cc1,s_27____419562____10803818,374.4,3.221566116,5,7,3,789,0.7659574468085106,<rdkit.Chem.rdchem.Mol object at 0x3030ec740>,<rdkit.Chem.rdchem.Mol object at 0x3030f30d0>
<rdkit.Chem.rdchem.Mol object at 0x16c0071b0>,CC1(CNc2nc(Nc3ccccc3)c3[nH]cnc3n2)COc2ccccc2O1,s_27____12210936____10803818,388.4,3.5021427843333335,5,7,3,140,0.7659574468085106,<rdkit.Chem.rdchem.Mol object at 0x3030ec7b0>,<rdkit.Chem.rdchem.Mol object at 0x3030f3140>
<rdkit.Chem.rdchem.Mol object at 0x1776595b0>,c1ccc(Nc2nc(NCCCOc3ccccc3)nc3nc[nH]c23)cc1,s_27____140438____10803818,360.4,3.5509549940000005,8,6,3,632,0.7659574468085106,<rdkit.Chem.rdchem.Mol object at 0x3030ec820>,<rdkit.Chem.rdchem.Mol object at 0x3030f2a40>
<rdkit.Chem.rdchem.Mol object at 0x16c045850>,c1ccc(Nc2nc(NCCCCOc3ccccc3)nc3nc[nH]c23)cc1,s_27____141186____10803818,374.4,4.068317665,9,6,3,244,0.7659574468085106,<rdkit.Chem.rdchem.Mol object at 0x3030ec890>,<rdkit.Chem.rdchem.Mol object at 0x3030f3370>
<rdkit.Chem.rdchem.Mol object at 0x300188900>,COc1ccc(OC(C)CNc2nc(Nc3ccccc3)c3[nH]cnc3n2)cc1,s_27____6107736____10803818,390.4,3.749899014,8,7,3,1213,0.7659574468085106,<rdkit.Chem.rdchem.Mol object at 0x3030ec900>,<rdkit.Chem.rdchem.Mol object at 0x3030f3450>
<rdkit.Chem.rdchem.Mol object at 0x1776e6880>,CC(CNc1nc(Nc2ccccc2)c2[nH]cnc2n1)COc1ccccc1,s_27____25541652____10803818,374.4,4.030278553333334,8,6,3,919,0.7659574468085106,<rdkit.Chem.rdchem.Mol object at 0x3030ec970>,<rdkit.Chem.rdchem.Mol object at 0x3030f34c0>
<rdkit.Chem.rdchem.Mol object at 0x17769f990>,C[C@H](CCOc1ccccc1)Nc1nc(Nc2ccccc2)c2[nH]cnc2n1,s_27____25526540____10803818,374.4,3.9675300186666664,8,6,3,803,0.7659574468085106,<rdkit.Chem.rdchem.Mol object at 0x3030ec9e0>,<rdkit.Chem.rdchem.Mol object at 0x3030f3530>
<rdkit.Chem.rdchem.Mol object at 0x16b991e70>,OC(CNc1nc(Nc2ccccc2)c2[nH]cnc2n1)COc1ccccc1,s_27____654196____10803818,376.4,2.8606603130000003,8,7,4,5,0.7659574468085106,<rdkit.Chem.rdchem.Mol object at 0x3030eca50>,<rdkit.Chem.rdchem.Mol object at 0x3030f35a0>
<rdkit.Chem.rdchem.Mol object at 0x17763bd10>,CC(CCCOc1cccnc1)Nc1nc(Nc2ccccc2)c2[nH]cnc2n1,s_27____25557144____10803818,389.5,3.2672202626666667,9,7,3,607,0.7659574468085106,<rdkit.Chem.rdchem.Mol object at 0x3030ecac0>,<rdkit.Chem.rdchem.Mol object at 0x3030f3610>
<rdkit.Chem.rdchem.Mol object at 0x16c0694d0>,Cc1ccc(OCCCNc2nc(Nc3ccccc3)c3[nH]cnc3n2)nc1,s_27____25525190____10803818,375.4,3.4411614863333337,8,7,3,306,0.76,<rdkit.Chem.rdchem.Mol object at 0x3030ecb30>,<rdkit.Chem.rdchem.Mol object at 0x3030f3680>
<rdkit.Chem.rdchem.Mol object at 0x16c06ace0>,c1ccc(Nc2nc(N3CCC[C@H]3COc3ccccc3)nc3nc[nH]c23)cc1,s_27____10690756____10803818,386.5,4.591825523000001,6,6,2,332,0.7346938775510204,<rdkit.Chem.rdchem.Mol object at 0x3030ecba0>,<rdkit.Chem.rdchem.Mol object at 0x3030f31b0>
<rdkit.Chem.rdchem.Mol object at 0x3001cd070>,c1ccc(Nc2nc(N3CCC(COc4ccccc4)C3)nc3nc[nH]c23)cc1,s_27____8600894____10803818,386.5,4.192011401666667,6,6,2,1350,0.7346938775510204,<rdkit.Chem.rdchem.Mol object at 0x3030ecc10>,<rdkit.Chem.rdchem.Mol object at 0x3030f36f0>
<rdkit.Chem.rdchem.Mol object at 0x17769c820>,c1ccc(Nc2nc(N[C@H]3COC[C@H]3Oc3ccccc3)nc3nc[nH]c23)cc1,s_27____17070036____10803818,388.4,3.392028943333333,6,7,3,750,0.7346938775510204,<rdkit.Chem.rdchem.Mol object at 0x3030ecc80>,<rdkit.Chem.rdchem.Mol object at 0x3030f3760>
<rdkit.Chem.rdchem.Mol object at 0x16c0a8c10>,c1ccc(Nc2nc(N3CCCC(COc4ccccc4)C3)nc3nc[nH]c23)cc1,s_27____19127738____10803818,400.5,4.636580066666667,6,6,2,428,0.7346938775510204,<rdkit.Chem.rdchem.Mol object at 0x3030eccf0>,<rdkit.Chem.rdchem.Mol object at 0x3030f37d0>
<rdkit.Chem.rdchem.Mol object at 0x17765ba00>,c1ccc(Nc2nc(N3CCC(COc4cccnc4)CC3)nc3nc[nH]c23)cc1,s_27____25524408____10803818,401.5,3.3773509126666665,6,7,2,671,0.7346938775510204,<rdkit.Chem.rdchem.Mol object at 0x3030ecd60>,<rdkit.Chem.rdchem.Mol object at 0x3030f3840>
<rdkit.Chem.rdchem.Mol object at 0x30012c900>,c1ccc(Nc2nc(N3CCC[C@@H]3COc3ccccc3)nc3nc[nH]c23)cc1,s_27____17551962____10803818,386.5,4.591825523000001,6,6,2,1020,0.7346938775510204,<rdkit.Chem.rdchem.Mol object at 0x3030ecdd0>,<rdkit.Chem.rdchem.Mol object at 0x3030f38b0>
<rdkit.Chem.rdchem.Mol object at 0x1776e6180>,Oc1ccc(OCCNc2nc(Nc3ccccc3)c3[nH]cnc3n2)cc1,s_27____25544004____10803818,362.4,3.1874299333333327,7,7,4,911,0.723404255319149,<rdkit.Chem.rdchem.Mol object at 0x3030ece40>,<rdkit.Chem.rdchem.Mol object at 0x3030f3920>
<rdkit.Chem.rdchem.Mol object at 0x177658f90>,Cc1cccc(OCC(C)Nc2nc(Nc3ccccc3)c3[nH]cnc3n2)c1,s_27____1671936____10803818,374.4,4.420991668999999,7,6,3,625,0.72,<rdkit.Chem.rdchem.Mol object at 0x3030eceb0>,<rdkit.Chem.rdchem.Mol object at 0x3030f3990>
<rdkit.Chem.rdchem.Mol object at 0x16c028dd0>,Cc1ccc(OCCCNc2nc(Nc3ccccc3)c3[nH]cnc3n2)cc1,s_27____2562700____10803818,374.4,4.064376383333333,8,6,3,167,0.72,<rdkit.Chem.rdchem.Mol object at 0x3030ecf20>,<rdkit.Chem.rdchem.Mol object at 0x3030f3a70>
<rdkit.Chem.rdchem.Mol object at 0x17767f990>,Cc1ccccc1OC(C)CNc1nc(Nc2ccccc2)c2[nH]cnc2n1,s_27____6010504____10803818,374.4,4.420991668999999,7,6,3,735,0.72,<rdkit.Chem.rdchem.Mol object at 0x3030ed000>,<rdkit.Chem.rdchem.Mol object at 0x3030f3ae0>
<rdkit.Chem.rdchem.Mol object at 0x17763b530>,Cc1ccc(OCCNc2nc(Nc3ccccc3)c3[nH]cnc3n2)nc1,s_27____25522668____10803818,361.4,3.3812017473333333,7,7,3,599,0.72,<rdkit.Chem.rdchem.Mol object at 0x3030ed070>,<rdkit.Chem.rdchem.Mol object at 0x3030f3b50>
<rdkit.Chem.rdchem.Mol object at 0x300149c40>,Cc1ccc(OC(C)CNc2nc(Nc3ccccc3)c3[nH]cnc3n2)cc1,s_27____6079216____10803818,374.4,4.420991668999999,7,6,3,1103,0.72,<rdkit.Chem.rdchem.Mol object at 0x3030ecf90>,<rdkit.Chem.rdchem.Mol object at 0x3030f3bc0>
<rdkit.Chem.rdchem.Mol object at 0x17769ec70>,Cc1ccc(OCC(C)Nc2nc(Nc3ccccc3)c3[nH]cnc3n2)cc1,s_27____2163278____10803818,374.4,4.420991668999999,7,6,3,788,0.72,<rdkit.Chem.rdchem.Mol object at 0x3030ed0e0>,<rdkit.Chem.rdchem.Mol object at 0x3030f3c30>
<rdkit.Chem.rdchem.Mol object at 0x16c047300>,Cc1ccccc1OCC(C)Nc1nc(Nc2ccccc2)c2[nH]cnc2n1,s_27____1671930____10803818,374.4,4.420991668999999,7,6,3,272,0.72,<rdkit.Chem.rdchem.Mol object at 0x3030ed150>,<rdkit.Chem.rdchem.Mol object at 0x3030f3ca0>
<rdkit.Chem.rdchem.Mol object at 0x300168ba0>,Cc1cc(C)cc(OCC(C)Nc2nc(Nc3ccccc3)c3[nH]cnc3n2)c1,s_27____25526476____10803818,388.5,4.934413058333334,7,6,3,1150,0.72,<rdkit.Chem.rdchem.Mol object at 0x3030ed1c0>,<rdkit.Chem.rdchem.Mol object at 0x3030f3d10>
<rdkit.Chem.rdchem.Mol object at 0x16c047140>,Cc1cccc(C)c1OCC(C)Nc1nc(Nc2ccccc2)c2[nH]cnc2n1,s_27____19505120____10803818,388.5,4.934413058333334,7,6,3,270,0.72,<rdkit.Chem.rdchem.Mol object at 0x3030ed310>,<rdkit.Chem.rdchem.Mol object at 0x3030f3df0>
<rdkit.Chem.rdchem.Mol object at 0x3001f4120>,Clc1cncc(OCCCNc2nc(Nc3ccccc3)c3[nH]cnc3n2)n1,s_27____25541468____10803818,396.8,2.5342895233333333,8,8,3,1400,0.7169811320754716,<rdkit.Chem.rdchem.Mol object at 0x3030ed3f0>,<rdkit.Chem.rdchem.Mol object at 0x3030f3a00>
<rdkit.Chem.rdchem.Mol object at 0x1776380b0>,CC(COc1ccc(Cl)cc1)Nc1nc(Nc2ccccc2)c2[nH]cnc2n1,s_27____25545806____10803818,394.9,4.511614956,7,6,3,546,0.7058823529411765,<rdkit.Chem.rdchem.Mol object at 0x3030ed460>,<rdkit.Chem.rdchem.Mol object at 0x3030f3e60>
<rdkit.Chem.rdchem.Mol object at 0x30012f840>,CC(COc1ccc(F)cc1)Nc1nc(Nc2ccccc2)c2[nH]cnc2n1,s_27____1199228____10803818,378.4,4.050272216,7,6,3,1069,0.7058823529411765,<rdkit.Chem.rdchem.Mol object at 0x3030ed4d0>,<rdkit.Chem.rdchem.Mol object at 0x3030f3d80>
<rdkit.Chem.rdchem.Mol object at 0x16c08cf90>,C[C@@H](COc1c(F)cccc1F)Nc1nc(Nc2ccccc2)c2[nH]cnc2n1,s_27____11984638____10803818,396.4,4.192974152333333,7,6,3,367,0.7058823529411765,<rdkit.Chem.rdchem.Mol object at 0x3030ed540>,<rdkit.Chem.rdchem.Mol object at 0x3030f3ed0>
<rdkit.Chem.rdchem.Mol object at 0x16c0a89e0>,CC(COc1cccc(F)c1)Nc1nc(Nc2ccccc2)c2[nH]cnc2n1,s_27____1671938____10803818,378.4,4.050272216,7,6,3,426,0.7058823529411765,<rdkit.Chem.rdchem.Mol object at 0x3030ed5b0>,<rdkit.Chem.rdchem.Mol object at 0x3030f3f40>
<rdkit.Chem.rdchem.Mol object at 0x30018a9d0>,CC(COc1ccccc1Cl)Nc1nc(Nc2ccccc2)c2[nH]cnc2n1,s_27____25541756____10803818,394.9,4.511614956,7,6,3,1247,0.7058823529411765,<rdkit.Chem.rdchem.Mol object at 0x3030ed620>,<rdkit.Chem.rdchem.Mol object at 0x3030f1380>
<rdkit.Chem.rdchem.Mol object at 0x17763b1b0>,CC(CNc1nc(Nc2ccccc2)c2[nH]cnc2n1)Oc1ccc(Cl)cc1,s_27____6201730____10803818,394.9,4.511614956,7,6,3,595,0.7058823529411765,<rdkit.Chem.rdchem.Mol object at 0x3030ed690>,<rdkit.Chem.rdchem.Mol object at 0x3150b4120>
<rdkit.Chem.rdchem.Mol object at 0x1776c4970>,Clc1ccc(OCCNc2nc(Nc3ccccc3)c3[nH]cnc3n2)nc1,s_27____7105934____10803818,381.8,3.4718250343333334,7,7,3,819,0.7058823529411765,<rdkit.Chem.rdchem.Mol object at 0x3030ed700>,<rdkit.Chem.rdchem.Mol object at 0x3150b4190>
<rdkit.Chem.rdchem.Mol object at 0x16c08f680>,CC(CNc1nc(Nc2ccccc2)c2[nH]cnc2n1)Oc1ccc(F)cc1,s_27____6079814____10803818,378.4,4.050272216,7,6,3,408,0.7058823529411765,<rdkit.Chem.rdchem.Mol object at 0x3030ed770>,<rdkit.Chem.rdchem.Mol object at 0x3150b4200>
<rdkit.Chem.rdchem.Mol object at 0x3001cc6d0>,OC(CNc1nc(Nc2ccccc2)c2[nH]cnc2n1)COc1ccc(F)cc1,s_27____1323120____10803818,394.4,3.0033622493333336,8,7,4,1340,0.7058823529411765,<rdkit.Chem.rdchem.Mol object at 0x3030ed7e0>,<rdkit.Chem.rdchem.Mol object at 0x3150b4270>
<rdkit.Chem.rdchem.Mol object at 0x16c005620>,Fc1ccc(OCCCNc2nc(Nc3ccccc3)c3[nH]cnc3n2)cc1,s_27____2262016____10803818,378.4,3.693656930333333,8,6,3,110,0.7058823529411765,<rdkit.Chem.rdchem.Mol object at 0x3030ed850>,<rdkit.Chem.rdchem.Mol object at 0x3150b42e0>
<rdkit.Chem.rdchem.Mol object at 0x16c0695b0>,CC(COc1ccccc1F)Nc1nc(Nc2ccccc2)c2[nH]cnc2n1,s_27____1671934____10803818,378.4,4.050272216,7,6,3,307,0.7058823529411765,<rdkit.Chem.rdchem.Mol object at 0x3030ed8c0>,<rdkit.Chem.rdchem.Mol object at 0x3150b4350>
<rdkit.Chem.rdchem.Mol object at 0x3001cdfc0>,CC(COc1ccc(F)cc1F)Nc1nc(Nc2ccccc2)c2[nH]cnc2n1,s_27____1671932____10803818,396.4,4.192974152333333,7,6,3,1365,0.7058823529411765,<rdkit.Chem.rdchem.Mol object at 0x3030ed930>,<rdkit.Chem.rdchem.Mol object at 0x3150b43c0>
<rdkit.Chem.rdchem.Mol object at 0x177619bd0>,CC(COc1cccc(Cl)c1)Nc1nc(Nc2ccccc2)c2[nH]cnc2n1,s_27____25545808____10803818,394.9,4.511614956,7,6,3,508,0.7058823529411765,<rdkit.Chem.rdchem.Mol object at 0x3030ed9a0>,<rdkit.Chem.rdchem.Mol object at 0x3030f06d0>
<rdkit.Chem.rdchem.Mol object at 0x17767ece0>,c1ccc(Nc2nc(NCc3ccc(OC4CCNC4)nc3)nc3nc[nH]c23)cc1,s_270166____16815796____17625750,402.5,2.1771951361452384,7,8,4,721,0.7037037037037037,<rdkit.Chem.rdchem.Mol object at 0x3030eda10>,<rdkit.Chem.rdchem.Mol object at 0x3150b40b0>
<rdkit.Chem.rdchem.Mol object at 0x16c0a8900>,C=CCCCCC(O)CNc1nc(Nc2ccccc2)c2[nH]cnc2n1,s_27____25524520____10803818,352.4,3.5702277293333324,10,6,4,425,0.7021276595744681,<rdkit.Chem.rdchem.Mol object at 0x3030eda80>,<rdkit.Chem.rdchem.Mol object at 0x3150b44a0>
<rdkit.Chem.rdchem.Mol object at 0x16c005230>,c1ccc(Nc2nc(NC3COc4ccccc4C3)nc3nc[nH]c23)cc1,s_27____25523550____10803818,358.4,3.590650831333333,4,6,3,106,0.6923076923076923,<rdkit.Chem.rdchem.Mol object at 0x3030edaf0>,<rdkit.Chem.rdchem.Mol object at 0x3150b4510>
<rdkit.Chem.rdchem.Mol object at 0x3001687b0>,c1ccc(Nc2nc(NC[C@H]3CCc4ccccc4O3)nc3nc[nH]c23)cc1,s_27____21415768____10803818,372.4,4.035219496333333,5,6,3,1146,0.6923076923076923,<rdkit.Chem.rdchem.Mol object at 0x3030edb60>,<rdkit.Chem.rdchem.Mol object at 0x3150b4580>
<rdkit.Chem.rdchem.Mol object at 0x17765bb50>,c1ccc(Nc2nc(NCc3ccnc(OC4CCC4)c3)nc3nc[nH]c23)cc1,s_27____18539502____10803818,387.4,3.7006658043333336,7,7,3,672,0.6923076923076923,<rdkit.Chem.rdchem.Mol object at 0x3030edbd0>,<rdkit.Chem.rdchem.Mol object at 0x3150b45f0>
<rdkit.Chem.rdchem.Mol object at 0x1776c69d0>,c1ccc(Nc2nc(NCc3ccc(OC4CCCC4)nc3)nc3nc[nH]c23)cc1,s_27____885670____10803818,401.5,4.145234469333333,7,7,3,854,0.6923076923076923,<rdkit.Chem.rdchem.Mol object at 0x3030edc40>,<rdkit.Chem.rdchem.Mol object at 0x3150b4660>
<rdkit.Chem.rdchem.Mol object at 0x177658190>,c1ccc(Nc2nc(N[C@H]3C[C@@]34CCOc3ccccc34)nc3nc[nH]c23)cc1,s_27____16013714____10803818,384.4,3.5580836849999997,4,6,3,611,0.6923076923076923,<rdkit.Chem.rdchem.Mol object at 0x3030edcb0>,<rdkit.Chem.rdchem.Mol object at 0x3150b4740>
<rdkit.Chem.rdchem.Mol object at 0x17767d000>,CC(C)c1ccc(OCCNc2nc(Nc3ccccc3)c3[nH]cnc3n2)cc1,s_27____802904____10803818,388.5,4.736004405666667,8,6,3,692,0.6923076923076923,<rdkit.Chem.rdchem.Mol object at 0x3030edd20>,<rdkit.Chem.rdchem.Mol object at 0x3150b47b0>
<rdkit.Chem.rdchem.Mol object at 0x16c0690e0>,c1ccc(Nc2nc(NCc3ccnc(OCC4CC4)c3)nc3nc[nH]c23)cc1,s_27____4509596____10803818,387.4,3.5711098760000004,8,7,3,302,0.6923076923076923,<rdkit.Chem.rdchem.Mol object at 0x3030edd90>,<rdkit.Chem.rdchem.Mol object at 0x3150b4820>
<rdkit.Chem.rdchem.Mol object at 0x17767e420>,c1ccc(Nc2nc(NCc3ccc(OC4CCCCC4)nc3)nc3nc[nH]c23)cc1,s_27____2536028____10803818,415.5,4.589803134333334,7,7,3,713,0.6923076923076923,<rdkit.Chem.rdchem.Mol object at 0x3030ede00>,<rdkit.Chem.rdchem.Mol object at 0x3150b4890>
<rdkit.Chem.rdchem.Mol object at 0x1776c4f90>,CC(C)Oc1ccc(CNc2nc(Nc3ccccc3)c3[nH]cnc3n2)cn1,s_27____803114____10803818,375.4,3.563915582,7,7,3,826,0.6923076923076923,<rdkit.Chem.rdchem.Mol object at 0x3030ede70>,<rdkit.Chem.rdchem.Mol object at 0x3150b4900>
<rdkit.Chem.rdchem.Mol object at 0x17761aa40>,C[C@H]1c2ccccc2O[C@H]1CNc1nc(Nc2ccccc2)c2[nH]cnc2n1,s_27____13712244____10803818,372.4,3.9556236576666666,5,6,3,523,0.6923076923076923,<rdkit.Chem.rdchem.Mol object at 0x3030edee0>,<rdkit.Chem.rdchem.Mol object at 0x3150b4970>
<rdkit.Chem.rdchem.Mol object at 0x300106420>,CC(Nc1nc(Nc2ccccc2)c2[nH]cnc2n1)C1COc2ccccc21,s_27____7794114____10803818,372.4,3.6074117346666665,5,6,3,981,0.6923076923076923,<rdkit.Chem.rdchem.Mol object at 0x3030edf50>,<rdkit.Chem.rdchem.Mol object at 0x3150b49e0>
<rdkit.Chem.rdchem.Mol object at 0x16bfe49e0>,CC(C)(C)Oc1ccc(CNc2nc(Nc3ccccc3)c3[nH]cnc3n2)cn1,s_27____8376184____10803818,389.5,3.844492250333334,7,7,3,33,0.6923076923076923,<rdkit.Chem.rdchem.Mol object at 0x3030edfc0>,<rdkit.Chem.rdchem.Mol object at 0x3150b4a50>
<rdkit.Chem.rdchem.Mol object at 0x17769e030>,CCCOc1ccc(CNc2nc(Nc3ccccc3)c3[nH]cnc3n2)cn1,s_27____4146616____10803818,375.4,3.6698629523333337,8,7,3,775,0.6923076923076923,<rdkit.Chem.rdchem.Mol object at 0x3030ee030>,<rdkit.Chem.rdchem.Mol object at 0x3150b46d0>
<rdkit.Chem.rdchem.Mol object at 0x1776c4200>,c1ccc(Nc2nc(NCCCc3ccc4c(c3)OCCO4)nc3nc[nH]c23)cc1,s_27____7048798____10803818,402.5,3.817781160666667,7,7,3,811,0.6923076923076923,<rdkit.Chem.rdchem.Mol object at 0x3030ee0a0>,<rdkit.Chem.rdchem.Mol object at 0x3150b4ac0>
<rdkit.Chem.rdchem.Mol object at 0x3001cf290>,c1ccc(Nc2nc(NCCC3CCOc4ccccc43)nc3nc[nH]c23)cc1,s_27____14410912____10803818,386.5,3.960463583,6,6,3,1385,0.6923076923076923,<rdkit.Chem.rdchem.Mol object at 0x3030ee110>,<rdkit.Chem.rdchem.Mol object at 0x3150b4b30>
<rdkit.Chem.rdchem.Mol object at 0x177619d90>,CCOc1ccccc1CCCNc1nc(Nc2ccccc2)c2[nH]cnc2n1,s_27____25525286____10803818,388.5,4.503785324333334,9,6,3,510,0.6923076923076923,<rdkit.Chem.rdchem.Mol object at 0x3030ee180>,<rdkit.Chem.rdchem.Mol object at 0x3150b4ba0>
<rdkit.Chem.rdchem.Mol object at 0x16c0abd80>,CC(C)COc1ccc(CCNc2nc(Nc3ccccc3)c3[nH]cnc3n2)cc1,s_27____4003554____10803818,402.5,4.946711880666667,9,6,3,478,0.6923076923076923,<rdkit.Chem.rdchem.Mol object at 0x3030ee1f0>,<rdkit.Chem.rdchem.Mol object at 0x3150b4c10>
<rdkit.Chem.rdchem.Mol object at 0x1776c5770>,CNc1nc(NCc2ccccc2OCC2CCCCC2)nc2nc[nH]c12,s_27____14946364____23832304,366.5,3.5608831199999997,7,6,3,835,0.68,<rdkit.Chem.rdchem.Mol object at 0x3030ee260>,<rdkit.Chem.rdchem.Mol object at 0x3150b4cf0>
<rdkit.Chem.rdchem.Mol object at 0x3001889e0>,Fc1ccc(OCCN2CCC(Nc3nc(Nc4ccccc4)c4[nH]cnc4n3)CC2)cc1,s_27____6894020____10803818,447.5,3.660503318333333,8,7,3,1214,0.6792452830188679,<rdkit.Chem.rdchem.Mol object at 0x3030ee2d0>,<rdkit.Chem.rdchem.Mol object at 0x3150b4d60>
<rdkit.Chem.rdchem.Mol object at 0x16c044580>,c1ccc(Nc2nc(NCC3COc4cscc4O3)nc3nc[nH]c23)cc1,s_27____25546064____10803818,380.4,3.0020080689999995,5,7,3,223,0.6792452830188679,<rdkit.Chem.rdchem.Mol object at 0x3030ee340>,<rdkit.Chem.rdchem.Mol object at 0x3150b4dd0>
<rdkit.Chem.rdchem.Mol object at 0x3001b3530>,Clc1cncc(OCCNc2nc(Nc3ccccc3)c3[nH]cnc3n2)n1,s_27____25528582____10803818,382.8,2.4743297843333334,7,8,3,1323,0.6792452830188679,<rdkit.Chem.rdchem.Mol object at 0x3030ee3b0>,<rdkit.Chem.rdchem.Mol object at 0x3150b4e40>
<rdkit.Chem.rdchem.Mol object at 0x16c08d460>,CC(C)Oc1ccc2c(c1)CCC2Nc1nc(Nc2ccccc2)c2[nH]cnc2n1,s_27____16976830____10803818,400.5,4.731354720333333,6,6,3,371,0.6666666666666666,<rdkit.Chem.rdchem.Mol object at 0x3030ee420>,<rdkit.Chem.rdchem.Mol object at 0x3150b4eb0>
<rdkit.Chem.rdchem.Mol object at 0x16c044f90>,CC(Nc1nc(Nc2ccccc2)c2[nH]cnc2n1)c1ccc2c(c1)OCCCO2,s_27____1671922____10803818,402.5,3.561086054333333,5,7,3,234,0.6666666666666666,<rdkit.Chem.rdchem.Mol object at 0x3030ee490>,<rdkit.Chem.rdchem.Mol object at 0x3150b4f20>
<rdkit.Chem.rdchem.Mol object at 0x1776e60a0>,CC(C)Oc1cnc(CNc2nc(Nc3ccccc3)c3[nH]cnc3n2)cn1,s_27____25525738____10803818,376.4,2.427715045333333,7,8,3,910,0.6666666666666666,<rdkit.Chem.rdchem.Mol object at 0x3030ee500>,<rdkit.Chem.rdchem.Mol object at 0x3150b4f90>
<rdkit.Chem.rdchem.Mol object at 0x300105700>,O[C@@H]1c2ccccc2OC[C@H]1Nc1nc(Nc2ccccc2)c2[nH]cnc2n1,s_27____18059196____10803818,374.4,2.6716546843333333,4,7,4,967,0.6666666666666666,<rdkit.Chem.rdchem.Mol object at 0x3030ee570>,<rdkit.Chem.rdchem.Mol object at 0x3150b5000>
<rdkit.Chem.rdchem.Mol object at 0x30012c7b0>,C[C@H]1COc2ccccc2[C@H]1Nc1nc(Nc2ccccc2)c2[nH]cnc2n1,s_27____19739048____10803818,372.4,3.8412729246666664,4,6,3,1019,0.6666666666666666,<rdkit.Chem.rdchem.Mol object at 0x3030ee5e0>,<rdkit.Chem.rdchem.Mol object at 0x3150b5070>
<rdkit.Chem.rdchem.Mol object at 0x300169770>,c1ccc(Nc2nc(NCCc3ccc(OCCN4CCCC4)cc3)nc3nc[nH]c23)cc1,s_27____8272186____10803818,443.6,4.1268506936666665,10,7,3,1163,0.6666666666666666,<rdkit.Chem.rdchem.Mol object at 0x3030ee650>,<rdkit.Chem.rdchem.Mol object at 0x3150b4c80>
<rdkit.Chem.rdchem.Mol object at 0x30012cc10>,Clc1ccc(OCCNc2nc(Nc3ccccc3)c3[nH]cnc3n2)cc1,s_27____104098____10803818,380.8,4.095039931333334,7,6,3,1023,0.6666666666666666,<rdkit.Chem.rdchem.Mol object at 0x3030ee6c0>,<rdkit.Chem.rdchem.Mol object at 0x3150b50e0>
<rdkit.Chem.rdchem.Mol object at 0x16c045930>,c1ccc(Nc2nc(NC3CCCOc4ccccc43)nc3nc[nH]c23)cc1,s_27____2536784____10803818,372.4,3.8793120363333338,4,6,3,245,0.6666666666666666,<rdkit.Chem.rdchem.Mol object at 0x3030ee730>,<rdkit.Chem.rdchem.Mol object at 0x3150b5150>
<rdkit.Chem.rdchem.Mol object at 0x1776186d0>,Clc1ccc(OCC2CCN(c3nc(Nc4ccccc4)c4[nH]cnc4n3)CC2)cn1,s_27____9449014____10803818,435.9,4.201572766,6,7,2,487,0.6545454545454545,<rdkit.Chem.rdchem.Mol object at 0x3030ee7a0>,<rdkit.Chem.rdchem.Mol object at 0x3150b51c0>
<rdkit.Chem.rdchem.Mol object at 0x16c08f4c0>,COc1ccc(CCCCNc2nc(Nc3ccccc3)c3[nH]cnc3n2)cc1,s_27____24515122____10803818,388.5,4.591546034666667,9,6,3,406,0.6538461538461539,<rdkit.Chem.rdchem.Mol object at 0x3030ee810>,<rdkit.Chem.rdchem.Mol object at 0x3150b5230>
<rdkit.Chem.rdchem.Mol object at 0x17767ef10>,COc1cccc(CC(C)Nc2nc(Nc3ccccc3)c3[nH]cnc3n2)c1,s_27____4833324____10803818,374.4,4.118983729333333,7,6,3,723,0.6538461538461539,<rdkit.Chem.rdchem.Mol object at 0x3030ee880>,<rdkit.Chem.rdchem.Mol object at 0x3150b5310>
<rdkit.Chem.rdchem.Mol object at 0x16c08e730>,CC(C)(C)Oc1ccc(CNc2nc(Nc3ccccc3)c3[nH]cnc3n2)cc1,s_27____1944660____10803818,388.5,4.467707147333334,7,6,3,391,0.6538461538461539,<rdkit.Chem.rdchem.Mol object at 0x3030ee8f0>,<rdkit.Chem.rdchem.Mol object at 0x3150b52a0>
<rdkit.Chem.rdchem.Mol object at 0x1776e4f90>,COc1ccccc1CCCNc1nc(Nc2ccccc2)c2[nH]cnc2n1,s_27____25522962____10803818,374.4,4.146977369666667,8,6,3,892,0.6538461538461539,<rdkit.Chem.rdchem.Mol object at 0x3030ee960>,<rdkit.Chem.rdchem.Mol object at 0x3150b5380>
<rdkit.Chem.rdchem.Mol object at 0x1776e67a0>,CC(C)COc1ccccc1CNc1nc(Nc2ccccc2)c2[nH]cnc2n1,s_27____1181050____10803818,388.5,4.658050675666667,8,6,3,918,0.6538461538461539,<rdkit.Chem.rdchem.Mol object at 0x3030ee9d0>,<rdkit.Chem.rdchem.Mol object at 0x3150b53f0>
<rdkit.Chem.rdchem.Mol object at 0x16c0a9e00>,CC(C)COc1cccc(CNc2nc(Nc3ccccc3)c3[nH]cnc3n2)c1,s_27____1323068____10803818,388.5,4.658050675666667,8,6,3,445,0.6538461538461539,<rdkit.Chem.rdchem.Mol object at 0x3030eea40>,<rdkit.Chem.rdchem.Mol object at 0x3150b5460>
<rdkit.Chem.rdchem.Mol object at 0x16c0a93f0>,COc1cc(CCCNc2nc(Nc3ccccc3)c3[nH]cnc3n2)cc(OC)c1,s_27____25523524____10803818,404.5,3.989306104,9,7,3,435,0.6538461538461539,<rdkit.Chem.rdchem.Mol object at 0x3030eeab0>,<rdkit.Chem.rdchem.Mol object at 0x3150b54d0>
<rdkit.Chem.rdchem.Mol object at 0x30014a2d0>,c1ccc(Nc2nc(NCc3ccc(OCCOc4ccccc4)nc3)nc3nc[nH]c23)cc1,s_27____1001578____10803818,453.5,4.434582209666667,10,8,3,1110,0.6538461538461539,<rdkit.Chem.rdchem.Mol object at 0x3030eeb20>,<rdkit.Chem.rdchem.Mol object at 0x3150b5540>
<rdkit.Chem.rdchem.Mol object at 0x17767e880>,c1ccc(Nc2nc(NCc3ccccc3OCC3CC3)nc3nc[nH]c23)cc1,s_27____5455214____10803818,386.5,4.194324773,8,6,3,717,0.6538461538461539,<rdkit.Chem.rdchem.Mol object at 0x3030eeb90>,<rdkit.Chem.rdchem.Mol object at 0x3150b5620>
<rdkit.Chem.rdchem.Mol object at 0x16c08e340>,CC(C)(C)Oc1ccccc1CNc1nc(Nc2ccccc2)c2[nH]cnc2n1,s_27____6201368____10803818,388.5,4.467707147333334,7,6,3,387,0.6538461538461539,<rdkit.Chem.rdchem.Mol object at 0x3030eec00>,<rdkit.Chem.rdchem.Mol object at 0x3150b5690>
<rdkit.Chem.rdchem.Mol object at 0x3001f4820>,COc1ccc(CCC(C)Nc2nc(Nc3ccccc3)c3[nH]cnc3n2)cc1,s_27____2162226____10803818,388.5,4.563552394333333,8,6,3,1407,0.6538461538461539,<rdkit.Chem.rdchem.Mol object at 0x3030eec70>,<rdkit.Chem.rdchem.Mol object at 0x3150b5700>
<rdkit.Chem.rdchem.Mol object at 0x1776c5af0>,COc1ccc(C(C)CCNc2nc(Nc3ccccc3)c3[nH]cnc3n2)cc1,s_27____5728628____10803818,388.5,4.433996466,8,6,3,838,0.6538461538461539,<rdkit.Chem.rdchem.Mol object at 0x3030eece0>,<rdkit.Chem.rdchem.Mol object at 0x3150b5770>
<rdkit.Chem.rdchem.Mol object at 0x1776e6e30>,CCC(C)Oc1ccc(CNc2nc(Nc3ccccc3)c3[nH]cnc3n2)cc1,s_27____25520858____10803818,388.5,4.709652874,8,6,3,925,0.6538461538461539,<rdkit.Chem.rdchem.Mol object at 0x3030eed50>,<rdkit.Chem.rdchem.Mol object at 0x3150b57e0>
<rdkit.Chem.rdchem.Mol object at 0x16c047920>,COc1cc(OC)c(CC(C)Nc2nc(Nc3ccccc3)c3[nH]cnc3n2)c(OC)c1,s_27____10719502____10803818,434.5,3.8036411979999993,9,8,3,279,0.6538461538461539,<rdkit.Chem.rdchem.Mol object at 0x3030eedc0>,<rdkit.Chem.rdchem.Mol object at 0x3150b5850>
<rdkit.Chem.rdchem.Mol object at 0x1776e4890>,COc1ccc(CC(C)Nc2nc(Nc3ccccc3)c3[nH]cnc3n2)cc1OC,s_27____5731916____10803818,404.5,3.9613124636666663,8,7,3,885,0.6538461538461539,<rdkit.Chem.rdchem.Mol object at 0x3030eee30>,<rdkit.Chem.rdchem.Mol object at 0x3150b58c0>
<rdkit.Chem.rdchem.Mol object at 0x16c044820>,COc1cc(OC)c(CCNc2nc(Nc3ccccc3)c3[nH]cnc3n2)cn1,s_27____16908938____10803818,391.4,2.921522542000001,8,8,3,226,0.6538461538461539,<rdkit.Chem.rdchem.Mol object at 0x3030eeea0>,<rdkit.Chem.rdchem.Mol object at 0x3150b5930>
<rdkit.Chem.rdchem.Mol object at 0x16b9938b0>,COc1cccc(CCCNc2nc(Nc3ccccc3)c3[nH]cnc3n2)c1,s_27____3000692____10803818,374.4,4.146977369666667,8,6,3,15,0.6538461538461539,<rdkit.Chem.rdchem.Mol object at 0x3030eef10>,<rdkit.Chem.rdchem.Mol object at 0x3150b59a0>
<rdkit.Chem.rdchem.Mol object at 0x16c044200>,COc1ccccc1C[C@H](C)Nc1nc(Nc2ccccc2)c2[nH]cnc2n1,s_27____9579692____10803818,374.4,4.118983729333333,7,6,3,219,0.6538461538461539,<rdkit.Chem.rdchem.Mol object at 0x3030eef80>,<rdkit.Chem.rdchem.Mol object at 0x3150b55b0>
<rdkit.Chem.rdchem.Mol object at 0x16c08d930>,COc1ccc(CCCNc2nc(Nc3ccccc3)c3[nH]cnc3n2)cc1,s_27____24530712____10803818,374.4,4.146977369666667,8,6,3,376,0.6538461538461539,<rdkit.Chem.rdchem.Mol object at 0x3030eeff0>,<rdkit.Chem.rdchem.Mol object at 0x3150b5a10>
<rdkit.Chem.rdchem.Mol object at 0x16c06b290>,CC(C)Oc1ccccc1CNc1nc(Nc2ccccc2)c2[nH]cnc2n1,s_27____1136858____10803818,374.4,4.1871304789999995,7,6,3,338,0.6538461538461539,<rdkit.Chem.rdchem.Mol object at 0x3030ef060>,<rdkit.Chem.rdchem.Mol object at 0x3150b5a80>
<rdkit.Chem.rdchem.Mol object at 0x3001cdb60>,CC(C)Oc1ccc(CNc2nc(Nc3ccccc3)c3[nH]cnc3n2)cc1,s_27____21408012____10803818,374.4,4.1871304789999995,7,6,3,1361,0.6538461538461539,<rdkit.Chem.rdchem.Mol object at 0x3030ef0d0>,<rdkit.Chem.rdchem.Mol object at 0x3150b5af0>
<rdkit.Chem.rdchem.Mol object at 0x16c06bf40>,COc1ccc(C(C)(C)CNc2nc(Nc3ccccc3)c3[nH]cnc3n2)cc1,s_27____2262760____10803818,388.5,4.445382381000002,7,6,3,351,0.6538461538461539,<rdkit.Chem.rdchem.Mol object at 0x3030ef140>,<rdkit.Chem.rdchem.Mol object at 0x3150b5b60>
<rdkit.Chem.rdchem.Mol object at 0x3001f4d60>,CC(C)COc1ccc(CNc2nc(Nc3ccccc3)c3[nH]cnc3n2)cc1,s_27____14035480____10803818,388.5,4.658050675666667,8,6,3,1412,0.6538461538461539,<rdkit.Chem.rdchem.Mol object at 0x3030ef1b0>,<rdkit.Chem.rdchem.Mol object at 0x3150b5bd0>
<rdkit.Chem.rdchem.Mol object at 0x1776e7d10>,Cc1ccc(CNc2nc(Nc3ccccc3)c3[nH]cnc3n2)c(OCC2CC2)c1,s_27____6953188____10803818,400.5,4.707746162333334,8,6,3,941,0.6538461538461539,<rdkit.Chem.rdchem.Mol object at 0x3030ef220>,<rdkit.Chem.rdchem.Mol object at 0x3150b5cb0>
<rdkit.Chem.rdchem.Mol object at 0x16c06b1b0>,COc1ccnc(CCNc2nc(Nc3ccccc3)c3[nH]cnc3n2)n1,m_27____16464484____10803818,362.4,2.6799951676666667,7,8,3,337,0.6538461538461539,<rdkit.Chem.rdchem.Mol object at 0x3030ef290>,<rdkit.Chem.rdchem.Mol object at 0x3150b5c40>
<rdkit.Chem.rdchem.Mol object at 0x16c004200>,COc1ccccc1C(C)(C)CNc1nc(Nc2ccccc2)c2[nH]cnc2n1,s_27____2229210____10803818,388.5,4.445382381000002,7,6,3,89,0.6538461538461539,<rdkit.Chem.rdchem.Mol object at 0x3030ef300>,<rdkit.Chem.rdchem.Mol object at 0x3150b5d20>
<rdkit.Chem.rdchem.Mol object at 0x1776c6ce0>,COc1ccc(C2CCCN2c2nc(Nc3ccccc3)c3[nH]cnc3n2)cn1,s_27____18798286____10803818,387.4,3.8913628706666663,5,7,2,857,0.6428571428571429,<rdkit.Chem.rdchem.Mol object at 0x3030ef370>,<rdkit.Chem.rdchem.Mol object at 0x3150b5d90>
<rdkit.Chem.rdchem.Mol object at 0x16c08fa00>,FC(F)(F)c1ccc(OCCNc2nc(Nc3ccccc3)c3[nH]cnc3n2)nc1,s_27____7105996____10803818,415.4,3.7456288396666664,8,7,3,412,0.6428571428571429,<rdkit.Chem.rdchem.Mol object at 0x3030ef3e0>,<rdkit.Chem.rdchem.Mol object at 0x3150b5e00>
<rdkit.Chem.rdchem.Mol object at 0x16c0a9a80>,O[C@H]1CCCC[C@@H]1CCNc1nc(Nc2ccccc2)c2[nH]cnc2n1,s_27____16981664____10803818,352.4,3.0190790543333343,6,6,4,442,0.6382978723404256,<rdkit.Chem.rdchem.Mol object at 0x3030ef450>,<rdkit.Chem.rdchem.Mol object at 0x3150b5e70>
<rdkit.Chem.rdchem.Mol object at 0x16c069770>,OCC[C@H]1CC[C@H](Nc2nc(Nc3ccccc3)c3[nH]cnc3n2)CC1,s_27____13461144____10803818,352.4,2.941125324333334,6,6,4,309,0.6382978723404256,<rdkit.Chem.rdchem.Mol object at 0x3030ef4c0>,<rdkit.Chem.rdchem.Mol object at 0x3150b5f50>
<rdkit.Chem.rdchem.Mol object at 0x16c08d5b0>,OCC(CNc1nc(Nc2ccccc2)c2[nH]cnc2n1)C1CCCCC1,s_27____10547164____10803818,366.5,3.2976947879999994,7,6,4,372,0.6382978723404256,<rdkit.Chem.rdchem.Mol object at 0x3030ef530>,<rdkit.Chem.rdchem.Mol object at 0x3150b5fc0>
<rdkit.Chem.rdchem.Mol object at 0x16c045a10>,O[C@H]1CC[C@](O)(CNc2nc(Nc3ccccc3)c3[nH]cnc3n2)CC1,s_27____25528540____10803818,354.4,1.493164354333333,5,7,5,246,0.6382978723404256,<rdkit.Chem.rdchem.Mol object at 0x3030ef5a0>,<rdkit.Chem.rdchem.Mol object at 0x3150b6030>
<rdkit.Chem.rdchem.Mol object at 0x177658dd0>,OC1(CNc2nc(Nc3ccccc3)c3[nH]cnc3n2)CCCCCCC1,s_27____18242860____10803818,366.5,3.7690202113333338,5,6,4,623,0.6382978723404256,<rdkit.Chem.rdchem.Mol object at 0x3030ef610>,<rdkit.Chem.rdchem.Mol object at 0x3150b60a0>
<rdkit.Chem.rdchem.Mol object at 0x300149d20>,OC1(CNc2nc(Nc3ccccc3)c3[nH]cnc3n2)CC2CCCC21,s_27____25523918____10803818,350.4,2.623580236333334,5,6,4,1104,0.6382978723404256,<rdkit.Chem.rdchem.Mol object at 0x3030ef680>,<rdkit.Chem.rdchem.Mol object at 0x3150b6110>
<rdkit.Chem.rdchem.Mol object at 0x3001cf920>,CC(O)(CNc1nc(Nc2ccccc2)c2[nH]cnc2n1)CC1CCCCC1,s_27____16503762____10803818,380.5,3.978085577666665,7,6,4,1392,0.6382978723404256,<rdkit.Chem.rdchem.Mol object at 0x3030ef6f0>,<rdkit.Chem.rdchem.Mol object at 0x3150b6180>
<rdkit.Chem.rdchem.Mol object at 0x16c0076f0>,CC1C(Nc2nc(Nc3ccccc3)c3[nH]cnc3n2)CCC(CO)C1(C)C,s_27____25526512____10803818,380.5,3.5265494319999995,5,6,4,146,0.6382978723404256,<rdkit.Chem.rdchem.Mol object at 0x3030ef760>,<rdkit.Chem.rdchem.Mol object at 0x3150b61f0>
<rdkit.Chem.rdchem.Mol object at 0x16c069690>,CC(C)(O)C1(CNc2nc(Nc3ccccc3)c3[nH]cnc3n2)CCCC1,s_27____25520954____10803818,366.5,3.311041637666666,6,6,4,308,0.6382978723404256,<rdkit.Chem.rdchem.Mol object at 0x3030ef7d0>,<rdkit.Chem.rdchem.Mol object at 0x3150b6260>
<rdkit.Chem.rdchem.Mol object at 0x16c06b450>,OCCC(Nc1nc(Nc2ccccc2)c2[nH]cnc2n1)C1CCCCCC1,s_27____13768924____10803818,380.5,3.835422378333333,7,6,4,340,0.6382978723404256,<rdkit.Chem.rdchem.Mol object at 0x3030ef840>,<rdkit.Chem.rdchem.Mol object at 0x3150b5ee0>
<rdkit.Chem.rdchem.Mol object at 0x1776e6960>,CC1(C)[C@H](O)C(C)(C)[C@H]1Nc1nc(Nc2ccccc2)c2[nH]cnc2n1,s_27____25403996____10803818,352.4,3.1681225953333336,4,6,4,920,0.6382978723404256,<rdkit.Chem.rdchem.Mol object at 0x3030ef8b0>,<rdkit.Chem.rdchem.Mol object at 0x3150b62d0>
<rdkit.Chem.rdchem.Mol object at 0x3001b0e40>,OC1CCC12CC(CNc1nc(Nc3ccccc3)c3[nH]cnc3n1)C2,s_27____25525838____10803818,350.4,2.409189498,5,6,4,1283,0.6382978723404256,<rdkit.Chem.rdchem.Mol object at 0x3030ef920>,<rdkit.Chem.rdchem.Mol object at 0x3150b6340>
<rdkit.Chem.rdchem.Mol object at 0x16c045150>,CC(C)(O)C1(CNc2nc(Nc3ccccc3)c3[nH]cnc3n2)CCC1,s_27____25524556____10803818,352.4,2.8664729726666676,6,6,4,236,0.6382978723404256,<rdkit.Chem.rdchem.Mol object at 0x3030ef990>,<rdkit.Chem.rdchem.Mol object at 0x3150b63b0>
<rdkit.Chem.rdchem.Mol object at 0x16c0287b0>,OC1CCCCC(CNc2nc(Nc3ccccc3)c3[nH]cnc3n2)C1,s_27____15776824____10803818,352.4,3.0190790543333343,5,6,4,161,0.6382978723404256,<rdkit.Chem.rdchem.Mol object at 0x3030efa00>,<rdkit.Chem.rdchem.Mol object at 0x3150b6420>
<rdkit.Chem.rdchem.Mol object at 0x17767f290>,CC(CCO)C1(CNc2nc(Nc3ccccc3)c3[nH]cnc3n2)CCC1,s_27____8283114____10803818,366.5,3.1895702459999993,8,6,4,727,0.6382978723404256,<rdkit.Chem.rdchem.Mol object at 0x3030efa70>,<rdkit.Chem.rdchem.Mol object at 0x3150b6490>
<rdkit.Chem.rdchem.Mol object at 0x16c029e00>,OC(CNc1nc(Nc2ccccc2)c2[nH]cnc2n1)(C1CC1)C1CC1,s_27____12058958____10803818,350.4,2.7015339663333333,7,6,4,184,0.6382978723404256,<rdkit.Chem.rdchem.Mol object at 0x3030efae0>,<rdkit.Chem.rdchem.Mol object at 0x3150b6570>
<rdkit.Chem.rdchem.Mol object at 0x16c08c270>,OC1(CNc2nc(Nc3ccccc3)c3[nH]cnc3n2)CCC2(CC1)CC2,s_27____25524290____10803818,364.5,3.0032231950000003,5,6,4,354,0.6382978723404256,<rdkit.Chem.rdchem.Mol object at 0x3030efb50>,<rdkit.Chem.rdchem.Mol object at 0x3150b65e0>
<rdkit.Chem.rdchem.Mol object at 0x16bfe5850>,OCC1CCCCCC1Nc1nc(Nc2ccccc2)c2[nH]cnc2n1,s_27____24001492____10803818,352.4,3.060635781333334,5,6,4,48,0.6382978723404256,<rdkit.Chem.rdchem.Mol object at 0x3030efbc0>,<rdkit.Chem.rdchem.Mol object at 0x3150b6650>
<rdkit.Chem.rdchem.Mol object at 0x30012e500>,OCC1CC2(CCC(Nc3nc(Nc4ccccc4)c4[nH]cnc4n3)CC2)C1,s_27____26083454____10803818,378.5,3.1424193679999997,5,6,4,1049,0.6382978723404256,<rdkit.Chem.rdchem.Mol object at 0x3030efc30>,<rdkit.Chem.rdchem.Mol object at 0x3150b66c0>
<rdkit.Chem.rdchem.Mol object at 0x16c08dc40>,OC1CCCC1CCCNc1nc(Nc2ccccc2)c2[nH]cnc2n1,s_27____7426664____10803818,352.4,3.0190790543333343,7,6,4,379,0.6382978723404256,<rdkit.Chem.rdchem.Mol object at 0x3030efca0>,<rdkit.Chem.rdchem.Mol object at 0x3150b6730>
<rdkit.Chem.rdchem.Mol object at 0x3001f4040>,OC(CCNc1nc(Nc2ccccc2)c2[nH]cnc2n1)C1CCCCC1,s_27____16500334____10803818,366.5,3.3908537133333327,7,6,4,1399,0.6382978723404256,<rdkit.Chem.rdchem.Mol object at 0x3030efd10>,<rdkit.Chem.rdchem.Mol object at 0x3150b67a0>
<rdkit.Chem.rdchem.Mol object at 0x17767c350>,CC(C)(O)[C@H]1CC[C@@H](Nc2nc(Nc3ccccc3)c3[nH]cnc3n2)CC1,s_27____25521632____10803818,366.5,3.2716620823333327,5,6,4,679,0.6382978723404256,<rdkit.Chem.rdchem.Mol object at 0x3030efd80>,<rdkit.Chem.rdchem.Mol object at 0x3150b6810>
<rdkit.Chem.rdchem.Mol object at 0x17765a340>,O[C@H]1CCCCCC[C@@H]1Nc1nc(Nc2ccccc2)c2[nH]cnc2n1,s_27____23046726____10803818,352.4,3.4604499026666673,4,6,4,647,0.6382978723404256,<rdkit.Chem.rdchem.Mol object at 0x3030efdf0>,<rdkit.Chem.rdchem.Mol object at 0x3150b6880>
<rdkit.Chem.rdchem.Mol object at 0x16c06a340>,OCCC1(CNc2nc(Nc3ccccc3)c3[nH]cnc3n2)CCCCC1,s_27____6821796____10803818,366.5,3.3471198146666663,7,6,4,322,0.6382978723404256,<rdkit.Chem.rdchem.Mol object at 0x3030efe60>,<rdkit.Chem.rdchem.Mol object at 0x3150b6500>
<rdkit.Chem.rdchem.Mol object at 0x30018a730>,CC(O)(CCNc1nc(Nc2ccccc2)c2[nH]cnc2n1)C1CCCCC1,s_27____16503230____10803818,380.5,3.671430381666666,7,6,4,1244,0.6382978723404256,<rdkit.Chem.rdchem.Mol object at 0x3030efed0>,<rdkit.Chem.rdchem.Mol object at 0x3150b68f0>
<rdkit.Chem.rdchem.Mol object at 0x177618eb0>,CC1CCC(C(C)(O)CNc2nc(Nc3ccccc3)c3[nH]cnc3n2)CC1,s_27____16504294____10803818,380.5,3.898489738999999,6,6,4,494,0.6382978723404256,<rdkit.Chem.rdchem.Mol object at 0x3030eff40>,<rdkit.Chem.rdchem.Mol object at 0x3150b6960>
<rdkit.Chem.rdchem.Mol object at 0x16c06a5e0>,OC(CNc1nc(Nc2ccccc2)c2[nH]cnc2n1)CC1CCCCC1,s_27____21534396____10803818,366.5,3.697508909333333,7,6,4,324,0.6382978723404256,<rdkit.Chem.rdchem.Mol object at 0x3030d8040>,<rdkit.Chem.rdchem.Mol object at 0x3150b69d0>
<rdkit.Chem.rdchem.Mol object at 0x1776c71b0>,OC1(CNc2nc(Nc3ccccc3)c3[nH]cnc3n2)CCCCCC1,s_27____5063656____10803818,352.4,3.324451546333333,5,6,4,862,0.6382978723404256,<rdkit.Chem.rdchem.Mol object at 0x3030d80b0>,<rdkit.Chem.rdchem.Mol object at 0x3150b6a40>
<rdkit.Chem.rdchem.Mol object at 0x16c004a50>,OCC1CCCC(Nc2nc(Nc3ccccc3)c3[nH]cnc3n2)CC1,s_27____25521020____10803818,352.4,3.0190790543333343,5,6,4,98,0.6382978723404256,<rdkit.Chem.rdchem.Mol object at 0x3030d8120>,<rdkit.Chem.rdchem.Mol object at 0x3150b6ab0>
<rdkit.Chem.rdchem.Mol object at 0x16c004b30>,CC1(C)CCCC(O)(CNc2nc(Nc3ccccc3)c3[nH]cnc3n2)CC1,s_27____12368596____10803818,380.5,3.911517762666666,5,6,4,99,0.6382978723404256,<rdkit.Chem.rdchem.Mol object at 0x3030d8190>,<rdkit.Chem.rdchem.Mol object at 0x3150b6b90>
<rdkit.Chem.rdchem.Mol object at 0x16c0a8ac0>,CC1(C)CC(C)(C)CC(O)(CNc2nc(Nc3ccccc3)c3[nH]cnc3n2)C1,s_27____25522220____10803818,394.5,4.054015313999999,5,6,4,427,0.6382978723404256,<rdkit.Chem.rdchem.Mol object at 0x3030d8200>,<rdkit.Chem.rdchem.Mol object at 0x3150b6c00>
<rdkit.Chem.rdchem.Mol object at 0x177659af0>,CC(O)(CNc1nc(Nc2ccccc2)c2[nH]cnc2n1)C1CCCCCC1,s_27____16504218____10803818,380.5,4.056039307666666,6,6,4,638,0.6382978723404256,<rdkit.Chem.rdchem.Mol object at 0x3030d8270>,<rdkit.Chem.rdchem.Mol object at 0x3150b6c70>
<rdkit.Chem.rdchem.Mol object at 0x16c08f300>,OC1(C2CC2)CCC(Nc2nc(Nc3ccccc3)c3[nH]cnc3n2)CC1,s_27____25523324____10803818,364.5,2.963843639666666,5,6,4,404,0.6382978723404256,<rdkit.Chem.rdchem.Mol object at 0x3030d82e0>,<rdkit.Chem.rdchem.Mol object at 0x3150b6ce0>
<rdkit.Chem.rdchem.Mol object at 0x300106960>,OCC1CCC(CCNc2nc(Nc3ccccc3)c3[nH]cnc3n2)CC1,s_27____25521304____10803818,366.5,3.2561380609999997,7,6,4,987,0.6382978723404256,<rdkit.Chem.rdchem.Mol object at 0x3030d8350>,<rdkit.Chem.rdchem.Mol object at 0x3150b6d50>
<rdkit.Chem.rdchem.Mol object at 0x17769e5e0>,CC(C)(CNc1nc(Nc2ccccc2)c2[nH]cnc2n1)C(O)C1CCC1,s_27____25523632____10803818,366.5,3.473391525666667,7,6,4,781,0.6382978723404256,<rdkit.Chem.rdchem.Mol object at 0x3030d83c0>,<rdkit.Chem.rdchem.Mol object at 0x3150b6dc0>
<rdkit.Chem.rdchem.Mol object at 0x16c0ab7d0>,CC(C)(CNc1nc(Nc2ccccc2)c2[nH]cnc2n1)C1(O)CCCCC1,s_27____13913268____10803818,380.5,3.911517762666666,6,6,4,472,0.6382978723404256,<rdkit.Chem.rdchem.Mol object at 0x3030d8430>,<rdkit.Chem.rdchem.Mol object at 0x3150b6e30>
<rdkit.Chem.rdchem.Mol object at 0x1776c7ed0>,CC(C)(C)C(CCO)CNc1nc(Nc2ccccc2)c2[nH]cnc2n1,s_27____21538078____10803818,354.5,3.1307737536666664,8,6,4,876,0.6382978723404256,<rdkit.Chem.rdchem.Mol object at 0x3030d84a0>,<rdkit.Chem.rdchem.Mol object at 0x3150b6ea0>
<rdkit.Chem.rdchem.Mol object at 0x30016a880>,CC(O)C1CCC(Nc2nc(Nc3ccccc3)c3[nH]cnc3n2)CC1,s_27____25524800____10803818,352.4,2.9910854140000005,5,6,4,1181,0.6382978723404256,<rdkit.Chem.rdchem.Mol object at 0x3030d8510>,<rdkit.Chem.rdchem.Mol object at 0x3150b6f10>
<rdkit.Chem.rdchem.Mol object at 0x30012e1f0>,CC1(C)CCC(C(CO)Nc2nc(Nc3ccccc3)c3[nH]cnc3n2)CC1,s_27____21684824____10803818,380.5,3.917960190666667,6,6,4,1046,0.6382978723404256,<rdkit.Chem.rdchem.Mol object at 0x3030d8580>,<rdkit.Chem.rdchem.Mol object at 0x3150b6b20>
<rdkit.Chem.rdchem.Mol object at 0x1776e5af0>,CC1(C)CC[C@H](O)[C@@H](Nc2nc(Nc3ccccc3)c3[nH]cnc3n2)C1,m_27____12429260____10803818,352.4,3.1583787890000004,4,6,4,904,0.6382978723404256,<rdkit.Chem.rdchem.Mol object at 0x3030d85f0>,<rdkit.Chem.rdchem.Mol object at 0x3150b6f80>
<rdkit.Chem.rdchem.Mol object at 0x17769d690>,OCCC(Nc1nc(Nc2ccccc2)c2[nH]cnc2n1)C1CCCCC1,s_27____4990712____10803818,366.5,3.3908537133333327,7,6,4,765,0.6382978723404256,<rdkit.Chem.rdchem.Mol object at 0x3030d8660>,<rdkit.Chem.rdchem.Mol object at 0x3150b6ff0>
<rdkit.Chem.rdchem.Mol object at 0x17769d380>,OC(CNc1nc(Nc2ccccc2)c2[nH]cnc2n1)CC1CCCC1,s_27____21534440____10803818,352.4,3.2529402443333337,7,6,4,762,0.6382978723404256,<rdkit.Chem.rdchem.Mol object at 0x3030d86d0>,<rdkit.Chem.rdchem.Mol object at 0x3150b7060>
<rdkit.Chem.rdchem.Mol object at 0x17765ace0>,CCCCCC(CO)CNc1nc(Nc2ccccc2)c2[nH]cnc2n1,s_27____25523838____10803818,354.5,3.474401594333333,10,6,4,657,0.6382978723404256,<rdkit.Chem.rdchem.Mol object at 0x3030d8740>,<rdkit.Chem.rdchem.Mol object at 0x3150b70d0>
<rdkit.Chem.rdchem.Mol object at 0x30016a2d0>,OC[C@@H]1C[C@H]2CCC[C@]1(Nc1nc(Nc3ccccc3)c3[nH]cnc3n1)C2,s_27____25557460____10803818,364.5,2.7978907083333344,5,6,4,1175,0.6382978723404256,<rdkit.Chem.rdchem.Mol object at 0x3030d87b0>,<rdkit.Chem.rdchem.Mol object at 0x3150b7140>
<rdkit.Chem.rdchem.Mol object at 0x16c0ab1b0>,OCC(CC1CCCCC1)Nc1nc(Nc2ccccc2)c2[nH]cnc2n1,s_27____11246574____10803818,366.5,3.697508909333333,7,6,4,465,0.6382978723404256,<rdkit.Chem.rdchem.Mol object at 0x3030d8820>,<rdkit.Chem.rdchem.Mol object at 0x3150b71b0>
<rdkit.Chem.rdchem.Mol object at 0x3001699a0>,OC1CCCCC1CCCNc1nc(Nc2ccccc2)c2[nH]cnc2n1,s_27____7426184____10803818,366.5,3.463647719333333,7,6,4,1165,0.6382978723404256,<rdkit.Chem.rdchem.Mol object at 0x3030d8890>,<rdkit.Chem.rdchem.Mol object at 0x3150b7290>
<rdkit.Chem.rdchem.Mol object at 0x16c046340>,COc1ccc2c(c1)CCCC2Nc1nc(Nc2ccccc2)c2[nH]cnc2n1,s_27____2239226____10803818,386.5,4.402540406,5,6,3,255,0.6296296296296297,<rdkit.Chem.rdchem.Mol object at 0x3030d8900>,<rdkit.Chem.rdchem.Mol object at 0x3150b7300>
<rdkit.Chem.rdchem.Mol object at 0x30012d700>,COc1cccc(CN2CCC(Nc3nc(Nc4ccccc4)c4[nH]cnc4n3)CC2)c1,s_27____13068052____10803818,429.5,3.4405536266666674,7,7,3,1035,0.6296296296296297,<rdkit.Chem.rdchem.Mol object at 0x3030d8970>,<rdkit.Chem.rdchem.Mol object at 0x3150b7370>
<rdkit.Chem.rdchem.Mol object at 0x30012e6c0>,COc1ccc(C(C)Nc2nc(Nc3ccccc3)c3[nH]cnc3n2)cn1,s_27____24506096____10803818,361.4,3.2071076273333334,6,7,3,1051,0.6296296296296297,<rdkit.Chem.rdchem.Mol object at 0x3030d89e0>,<rdkit.Chem.rdchem.Mol object at 0x3150b73e0>
<rdkit.Chem.rdchem.Mol object at 0x16bfe4740>,CCOc1ccccc1C(C)Nc1nc(Nc2ccccc2)c2[nH]cnc2n1,s_27____2235494____10803818,374.4,4.1871304789999995,7,6,3,30,0.6296296296296297,<rdkit.Chem.rdchem.Mol object at 0x3030d8a50>,<rdkit.Chem.rdchem.Mol object at 0x3150b7450>
<rdkit.Chem.rdchem.Mol object at 0x177658ba0>,c1ccc(Nc2nc(NCc3ccc(OCC4CCCO4)cc3)nc3nc[nH]c23)cc1,s_27____771836____10803818,416.5,3.832336528,8,7,3,621,0.6296296296296297,<rdkit.Chem.rdchem.Mol object at 0x3030d8ac0>,<rdkit.Chem.rdchem.Mol object at 0x3150b74c0>
<rdkit.Chem.rdchem.Mol object at 0x16bfe6570>,COc1ccc(CN2CCC(CNc3nc(Nc4ccccc4)c4[nH]cnc4n3)CC2)cc1,s_27____2228708____10803818,443.6,3.9011543753333338,8,7,3,62,0.6296296296296297,<rdkit.Chem.rdchem.Mol object at 0x3030d8b30>,<rdkit.Chem.rdchem.Mol object at 0x3150b7530>
<rdkit.Chem.rdchem.Mol object at 0x30012d000>,c1ccc(Nc2nc(NCc3ccncc3OCC3CCOC3)nc3nc[nH]c23)cc1,s_27____10228314____10803818,417.5,2.2148499796666674,8,8,3,1027,0.6296296296296297,<rdkit.Chem.rdchem.Mol object at 0x3030d8ba0>,<rdkit.Chem.rdchem.Mol object at 0x3150b75a0>
<rdkit.Chem.rdchem.Mol object at 0x30014ac00>,COc1ccccc1CN1CCC(Nc2nc(Nc3ccccc3)c3[nH]cnc3n2)CC1,s_27____1128866____10803818,429.5,3.4405536266666674,7,7,3,1119,0.6296296296296297,<rdkit.Chem.rdchem.Mol object at 0x3030d8c10>,<rdkit.Chem.rdchem.Mol object at 0x3150b7220>
<rdkit.Chem.rdchem.Mol object at 0x3001cf760>,CC1(C)Oc2ccc(CNc3nc(Nc4ccccc4)c4[nH]cnc4n3)cc2O1,s_27____14411180____10803818,388.4,3.672247842333334,5,7,3,1390,0.6296296296296297,<rdkit.Chem.rdchem.Mol object at 0x3030d8c80>,<rdkit.Chem.rdchem.Mol object at 0x3150b7610>
<rdkit.Chem.rdchem.Mol object at 0x16bfe4580>,Clc1nc(NCc2ccccc2OCC2CCCCC2)c2[nH]cnc2n1,s_27____14946364____11672122,371.9,4.3178693159999995,6,5,2,28,0.6296296296296297,<rdkit.Chem.rdchem.Mol object at 0x3030d8cf0>,<rdkit.Chem.rdchem.Mol object at 0x3150b7680>
<rdkit.Chem.rdchem.Mol object at 0x17767dbd0>,COc1ncc(C(C)Nc2nc(Nc3ccccc3)c3[nH]cnc3n2)cc1C,s_27____25542170____10803818,375.4,3.7205290166666662,6,7,3,704,0.6296296296296297,<rdkit.Chem.rdchem.Mol object at 0x3030d8d60>,<rdkit.Chem.rdchem.Mol object at 0x3150b76f0>
<rdkit.Chem.rdchem.Mol object at 0x16c08ece0>,COCCOc1ccc(CNc2nc(Nc3ccccc3)c3[nH]cnc3n2)cn1,s_27____789176____10803818,391.4,2.743557094333333,9,8,3,397,0.6296296296296297,<rdkit.Chem.rdchem.Mol object at 0x3030d8dd0>,<rdkit.Chem.rdchem.Mol object at 0x3150b7760>
<rdkit.Chem.rdchem.Mol object at 0x3001b2c00>,CCOc1ccc(C(C)Nc2nc(Nc3ccccc3)c3[nH]cnc3n2)cc1,s_27____790508____10803818,374.4,4.1871304789999995,7,6,3,1313,0.6296296296296297,<rdkit.Chem.rdchem.Mol object at 0x3030d8e40>,<rdkit.Chem.rdchem.Mol object at 0x3150b77d0>
<rdkit.Chem.rdchem.Mol object at 0x3001b3ed0>,c1ccc(Nc2nc(NCC3CC(=C4CCC4)C3)nc3nc[nH]c23)cc1,s_27____17317656____10803818,346.4,3.6223039003333337,5,5,3,1333,0.6170212765957447,<rdkit.Chem.rdchem.Mol object at 0x3030d8eb0>,<rdkit.Chem.rdchem.Mol object at 0x3150b78b0>
<rdkit.Chem.rdchem.Mol object at 0x16c06af10>,C=CCC(CNc1nc(Nc2ccccc2)c2[nH]cnc2n1)CC(C)C,s_27____25523452____10803818,350.5,4.852554594,9,5,3,334,0.6170212765957447,<rdkit.Chem.rdchem.Mol object at 0x3030d8f20>,<rdkit.Chem.rdchem.Mol object at 0x3150b7920>
<rdkit.Chem.rdchem.Mol object at 0x16c0aaff0>,C=CCCCC(Nc1nc(Nc2ccccc2)c2[nH]cnc2n1)C1CC1,s_27____17523788____10803818,348.5,4.5963383496666665,9,5,3,463,0.6170212765957447,<rdkit.Chem.rdchem.Mol object at 0x3030d8f90>,<rdkit.Chem.rdchem.Mol object at 0x3150b7990>
<rdkit.Chem.rdchem.Mol object at 0x16c0abae0>,CC(C)C1=CCC(Nc2nc(Nc3ccccc3)c3[nH]cnc3n2)CC1,s_27____25523652____10803818,348.5,4.259243556,5,5,3,475,0.6170212765957447,<rdkit.Chem.rdchem.Mol object at 0x3030d9000>,<rdkit.Chem.rdchem.Mol object at 0x3150b7a00>
<rdkit.Chem.rdchem.Mol object at 0x17769e2d0>,C1=C[C@@H]2C[C@H]1C[C@@H]2CCNc1nc(Nc2ccccc2)c2[nH]cnc2n1,s_27____16488634____10803818,346.4,3.631665819666666,6,5,3,778,0.6170212765957447,<rdkit.Chem.rdchem.Mol object at 0x3030d9070>,<rdkit.Chem.rdchem.Mol object at 0x3150b7a70>
<rdkit.Chem.rdchem.Mol object at 0x17769f8b0>,C1=CC2CCC1CC2CNc1nc(Nc2ccccc2)c2[nH]cnc2n1,s_27____11352402____10803818,346.4,3.709619549666667,5,5,3,802,0.6170212765957447,<rdkit.Chem.rdchem.Mol object at 0x3030d90e0>,<rdkit.Chem.rdchem.Mol object at 0x3150b7ae0>
<rdkit.Chem.rdchem.Mol object at 0x300189a80>,CC(C)(CNc1nc(Nc2ccccc2)c2[nH]cnc2n1)C1=CCCC1,s_27____10891218____10803818,348.5,4.220669381333335,6,5,3,1231,0.6170212765957447,<rdkit.Chem.rdchem.Mol object at 0x3030d9150>,<rdkit.Chem.rdchem.Mol object at 0x3150b7b50>
<rdkit.Chem.rdchem.Mol object at 0x16c0a8430>,C1=C[C@H]2C[C@@H](C1)C[C@H](Nc1nc(Nc3ccccc3)c3[nH]cnc3n1)C2,s_27____25522204____10803818,346.4,3.839175478,4,5,3,421,0.6170212765957447,<rdkit.Chem.rdchem.Mol object at 0x3030d91c0>,<rdkit.Chem.rdchem.Mol object at 0x3150b7bc0>
<rdkit.Chem.rdchem.Mol object at 0x3001b1a80>,C1=CCCC(CNc2nc(Nc3ccccc3)c3[nH]cnc3n2)CCC1,s_27____13433594____10803818,348.5,4.488444589666668,5,5,3,1295,0.6170212765957447,<rdkit.Chem.rdchem.Mol object at 0x3030d9230>,<rdkit.Chem.rdchem.Mol object at 0x3150b7c30>
<rdkit.Chem.rdchem.Mol object at 0x3001b0120>,CC(CC1=CCCCC1)Nc1nc(Nc2ccccc2)c2[nH]cnc2n1,s_27____15745640____10803818,348.5,4.3388393946666675,6,5,3,1270,0.6170212765957447,<rdkit.Chem.rdchem.Mol object at 0x3030d92a0>,<rdkit.Chem.rdchem.Mol object at 0x3150b7840>
<rdkit.Chem.rdchem.Mol object at 0x16c0693f0>,CC(C)C1OCCC1CNc1nc(Nc2ccccc2)c2[nH]cnc2n1,s_27____9353730____10803818,352.4,3.1697908009999995,6,6,3,305,0.6122448979591837,<rdkit.Chem.rdchem.Mol object at 0x3030d9310>,<rdkit.Chem.rdchem.Mol object at 0x3150b7ca0>
<rdkit.Chem.rdchem.Mol object at 0x1776c47b0>,CC1(Nc2nc(Nc3ccccc3)c3[nH]cnc3n2)CCOC1C1CC1,s_27____25557494____10803818,350.4,2.869093017,5,6,3,817,0.6122448979591837,<rdkit.Chem.rdchem.Mol object at 0x3030d9380>,<rdkit.Chem.rdchem.Mol object at 0x3150b7d10>
<rdkit.Chem.rdchem.Mol object at 0x1776c66c0>,c1ccc(Nc2nc(NC34CCCCC3OCC4)nc3nc[nH]c23)cc1,s_27____25557270____10803818,350.4,3.0266425856666666,4,6,3,851,0.6122448979591837,<rdkit.Chem.rdchem.Mol object at 0x3030d93f0>,<rdkit.Chem.rdchem.Mol object at 0x3150b7d80>
<rdkit.Chem.rdchem.Mol object at 0x16c047760>,OCC(CC1CCOCC1)Nc1nc(Nc2ccccc2)c2[nH]cnc2n1,s_27____15095142____10803818,368.4,2.005012486,7,7,4,277,0.6122448979591837,<rdkit.Chem.rdchem.Mol object at 0x3030d9460>,<rdkit.Chem.rdchem.Mol object at 0x3150b7df0>
<rdkit.Chem.rdchem.Mol object at 0x1776c6110>,CC1CCC(OCCCNc2nc(Nc3ccccc3)c3[nH]cnc3n2)CC1,s_27____26083168____10803818,380.5,3.9462195066666665,8,6,3,845,0.6122448979591837,<rdkit.Chem.rdchem.Mol object at 0x3030d94d0>,<rdkit.Chem.rdchem.Mol object at 0x3150b7e60>
<rdkit.Chem.rdchem.Mol object at 0x16c069bd0>,CCCO[C@@H]1CCCC[C@H]1Nc1nc(Nc2ccccc2)c2[nH]cnc2n1,s_27____15757138____10803818,366.5,4.093769426000001,7,6,3,314,0.6122448979591837,<rdkit.Chem.rdchem.Mol object at 0x3030d9540>,<rdkit.Chem.rdchem.Mol object at 0x3150b7f40>
<rdkit.Chem.rdchem.Mol object at 0x16c047a70>,CCC1(C)CC(Nc2nc(Nc3ccccc3)c3[nH]cnc3n2)CCO1,s_27____25522692____10803818,352.4,3.0278058323333332,5,6,3,280,0.6122448979591837,<rdkit.Chem.rdchem.Mol object at 0x3030d95b0>,<rdkit.Chem.rdchem.Mol object at 0x3150b4430>
<rdkit.Chem.rdchem.Mol object at 0x1776c5690>,CCCCOC1CC(Nc2nc(Nc3ccccc3)c3[nH]cnc3n2)C1(C)C,s_27____6547306____10803818,380.5,4.1634729713333325,8,6,3,834,0.6122448979591837,<rdkit.Chem.rdchem.Mol object at 0x3030d9620>,<rdkit.Chem.rdchem.Mol object at 0x3150b7ed0>
<rdkit.Chem.rdchem.Mol object at 0x1776c5070>,c1ccc(Nc2nc(NCCC3CCC4(CC4)CO3)nc3nc[nH]c23)cc1,s_27____25522156____10803818,364.5,3.049310854,6,6,3,827,0.6122448979591837,<rdkit.Chem.rdchem.Mol object at 0x3030d9690>,<rdkit.Chem.rdchem.Mol object at 0x3150c8120>
<rdkit.Chem.rdchem.Mol object at 0x177618f90>,CC1(C)CC(CCNc2nc(Nc3ccccc3)c3[nH]cnc3n2)CCO1,s_27____25521454____10803818,366.5,3.3324991209999997,6,6,3,495,0.6122448979591837,<rdkit.Chem.rdchem.Mol object at 0x3030d9700>,<rdkit.Chem.rdchem.Mol object at 0x3150c8190>
<rdkit.Chem.rdchem.Mol object at 0x16c0680b0>,c1ccc(Nc2nc(NCC3CCOC34CCOCC4)nc3nc[nH]c23)cc1,s_27____25521308____10803818,380.5,1.750675364999999,5,7,3,286,0.6122448979591837,<rdkit.Chem.rdchem.Mol object at 0x3030d9770>,<rdkit.Chem.rdchem.Mol object at 0x3150c8200>
<rdkit.Chem.rdchem.Mol object at 0x17769e960>,c1ccc(Nc2nc(N[C@H]3CC[C@H]4CCC[C@@H]3O4)nc3nc[nH]c23)cc1,s_27____25526242____10803818,350.4,3.235434948,4,6,3,785,0.6122448979591837,<rdkit.Chem.rdchem.Mol object at 0x3030d97e0>,<rdkit.Chem.rdchem.Mol object at 0x3150c8270>
<rdkit.Chem.rdchem.Mol object at 0x1776c44a0>,c1ccc(Nc2nc(NCCCOCC3CCCCC3)nc3nc[nH]c23)cc1,s_27____25524936____10803818,380.5,3.974213146999999,9,6,3,814,0.6122448979591837,<rdkit.Chem.rdchem.Mol object at 0x3030d9850>,<rdkit.Chem.rdchem.Mol object at 0x3150b4040>
<rdkit.Chem.rdchem.Mol object at 0x16c0abe60>,CN(CCC(O)C(C)(C)C)c1nc(Nc2ccccc2)c2[nH]cnc2n1,s_27____25523196____10803818,354.5,3.5341402023333335,7,6,3,479,0.6122448979591837,<rdkit.Chem.rdchem.Mol object at 0x3030d98c0>,<rdkit.Chem.rdchem.Mol object at 0x3150c8040>
<rdkit.Chem.rdchem.Mol object at 0x17769fa70>,CC(C)C1(CNc2nc(Nc3ccccc3)c3[nH]cnc3n2)CCOCC1,s_27____25526042____10803818,366.5,3.3783211043333323,6,6,3,804,0.6122448979591837,<rdkit.Chem.rdchem.Mol object at 0x3030d9930>,<rdkit.Chem.rdchem.Mol object at 0x3150c8350>
<rdkit.Chem.rdchem.Mol object at 0x177619070>,c1ccc(Nc2nc(NC3CCC(OCC4CCCO4)CC3)nc3nc[nH]c23)cc1,s_27____25524010____10803818,408.5,3.3212131846666657,7,7,3,496,0.6122448979591837,<rdkit.Chem.rdchem.Mol object at 0x3030d99a0>,<rdkit.Chem.rdchem.Mol object at 0x3150c83c0>
<rdkit.Chem.rdchem.Mol object at 0x16c068900>,c1ccc(Nc2nc(NCCC3COCC4(CCC4)O3)nc3nc[nH]c23)cc1,s_27____25523972____10803818,380.5,2.5350984123333324,6,7,3,294,0.6122448979591837,<rdkit.Chem.rdchem.Mol object at 0x3030d9a10>,<rdkit.Chem.rdchem.Mol object at 0x3150c8430>
<rdkit.Chem.rdchem.Mol object at 0x177619230>,c1ccc(Nc2nc(NCCOCC3CCCO3)nc3nc[nH]c23)cc1,s_27____4969524____10803818,354.4,2.2185591680000005,8,7,3,498,0.6122448979591837,<rdkit.Chem.rdchem.Mol object at 0x3030d9a80>,<rdkit.Chem.rdchem.Mol object at 0x3150c84a0>
<rdkit.Chem.rdchem.Mol object at 0x16c069fc0>,c1ccc(Nc2nc(NCC3COC4(CCC4)CO3)nc3nc[nH]c23)cc1,s_27____25523400____10803818,366.4,2.475138673333334,5,7,3,318,0.6122448979591837,<rdkit.Chem.rdchem.Mol object at 0x3030d9af0>,<rdkit.Chem.rdchem.Mol object at 0x3150c8510>
<rdkit.Chem.rdchem.Mol object at 0x17769f7d0>,c1ccc(Nc2nc(NCC3CCOC4(CCCC4)C3)nc3nc[nH]c23)cc1,s_27____25521662____10803818,378.5,3.547203073333332,5,6,3,801,0.6122448979591837,<rdkit.Chem.rdchem.Mol object at 0x3030d9b60>,<rdkit.Chem.rdchem.Mol object at 0x3150c85f0>
<rdkit.Chem.rdchem.Mol object at 0x177618430>,CC1CCCCC1OCCNc1nc(Nc2ccccc2)c2[nH]cnc2n1,s_27____772112____10803818,366.5,3.964213497666667,7,6,3,484,0.6122448979591837,<rdkit.Chem.rdchem.Mol object at 0x3030d9bd0>,<rdkit.Chem.rdchem.Mol object at 0x3150c8660>
<rdkit.Chem.rdchem.Mol object at 0x177619fc0>,COCCC1(CNc2nc(Nc3ccccc3)c3[nH]cnc3n2)CCCCC1,s_27____8993146____10803818,380.5,3.990246318333333,8,6,3,512,0.6122448979591837,<rdkit.Chem.rdchem.Mol object at 0x3030d9c40>,<rdkit.Chem.rdchem.Mol object at 0x3150c86d0>
<rdkit.Chem.rdchem.Mol object at 0x17769f610>,CC1CCN(CC(O)CNc2nc(Nc3ccccc3)c3[nH]cnc3n2)CC1,s_27____4509354____10803818,381.5,2.372640456333333,7,7,4,799,0.6122448979591837,<rdkit.Chem.rdchem.Mol object at 0x3030d9cb0>,<rdkit.Chem.rdchem.Mol object at 0x3150c8740>
<rdkit.Chem.rdchem.Mol object at 0x17769f370>,OCCCN1CCC(Nc2nc(Nc3ccccc3)c3[nH]cnc3n2)CC1,s_27____23046672____10803818,367.5,1.2436095020000006,7,7,4,796,0.6122448979591837,<rdkit.Chem.rdchem.Mol object at 0x3030d9d20>,<rdkit.Chem.rdchem.Mol object at 0x3150c87b0>
<rdkit.Chem.rdchem.Mol object at 0x17769f290>,CC1(C)CCCC(CCNc2nc(Nc3ccccc3)c3[nH]cnc3n2)O1,s_27____25521076____10803818,366.5,3.4672147733333327,6,6,3,795,0.6122448979591837,<rdkit.Chem.rdchem.Mol object at 0x3030d9d90>,<rdkit.Chem.rdchem.Mol object at 0x3150c8820>
<rdkit.Chem.rdchem.Mol object at 0x177619930>,c1ccc(Nc2nc(NCCC3COC4(CCC4)CO3)nc3nc[nH]c23)cc1,s_27____25521666____10803818,380.5,2.5350984123333324,6,7,3,505,0.6122448979591837,<rdkit.Chem.rdchem.Mol object at 0x3030d9e00>,<rdkit.Chem.rdchem.Mol object at 0x3150c8890>
<rdkit.Chem.rdchem.Mol object at 0x17769ee30>,O[C@@H]1CCN(CCCNc2nc(Nc3ccccc3)c3[nH]cnc3n2)C1,s_27____16789782____10803818,353.4,1.183649763000001,7,7,4,790,0.6122448979591837,<rdkit.Chem.rdchem.Mol object at 0x3030d9e70>,<rdkit.Chem.rdchem.Mol object at 0x3150c8900>
<rdkit.Chem.rdchem.Mol object at 0x16c0ab610>,CC(C)(C)C1CC(Nc2nc(Nc3ccccc3)c3[nH]cnc3n2)CCO1,s_27____7944786____10803818,366.5,3.490202840333333,5,6,3,470,0.6122448979591837,<rdkit.Chem.rdchem.Mol object at 0x3030d9ee0>,<rdkit.Chem.rdchem.Mol object at 0x3150c8580>
<rdkit.Chem.rdchem.Mol object at 0x17769c270>,c1ccc(Nc2nc(NC[C@H]3CC[C@@H](C4CC4)O3)nc3nc[nH]c23)cc1,s_27____13467706____10803818,350.4,3.1058790196666672,6,6,3,744,0.6122448979591837,<rdkit.Chem.rdchem.Mol object at 0x3030d9f50>,<rdkit.Chem.rdchem.Mol object at 0x3150c8970>
<rdkit.Chem.rdchem.Mol object at 0x16c06a180>,COC1(CNc2nc(Nc3ccccc3)c3[nH]cnc3n2)CCCCCC1,s_27____13443312____10803818,366.5,3.9675780499999993,6,6,3,320,0.6122448979591837,<rdkit.Chem.rdchem.Mol object at 0x3030d9fc0>,<rdkit.Chem.rdchem.Mol object at 0x3150c89e0>
<rdkit.Chem.rdchem.Mol object at 0x17765ac00>,CC(C)(C)COCCCNc1nc(Nc2ccccc2)c2[nH]cnc2n1,s_27____25523476____10803818,354.5,3.4822339046666664,9,6,3,656,0.6122448979591837,<rdkit.Chem.rdchem.Mol object at 0x3030da030>,<rdkit.Chem.rdchem.Mol object at 0x3150c8a50>
<rdkit.Chem.rdchem.Mol object at 0x17767ccf0>,CC(C)(C)O[C@@H]1CC[C@H]1CNc1nc(Nc2ccccc2)c2[nH]cnc2n1,s_27____25541658____10803818,366.5,3.424015937666666,7,6,3,689,0.6122448979591837,<rdkit.Chem.rdchem.Mol object at 0x3030da0a0>,<rdkit.Chem.rdchem.Mol object at 0x3150c8ac0>
<rdkit.Chem.rdchem.Mol object at 0x16c0a99a0>,c1ccc(Nc2nc(NCCCOCC3CCOCC3)nc3nc[nH]c23)cc1,s_27____5506460____10803818,382.5,2.2817167236666664,9,7,3,441,0.6122448979591837,<rdkit.Chem.rdchem.Mol object at 0x3030da110>,<rdkit.Chem.rdchem.Mol object at 0x3150c8b30>
<rdkit.Chem.rdchem.Mol object at 0x1776c6880>,CC(C)(C)O[C@@H]1CCC[C@H]1Nc1nc(Nc2ccccc2)c2[nH]cnc2n1,s_27____22841984____10803818,366.5,3.823830059000001,6,6,3,853,0.6122448979591837,<rdkit.Chem.rdchem.Mol object at 0x3030da180>,<rdkit.Chem.rdchem.Mol object at 0x3150c8c10>
<rdkit.Chem.rdchem.Mol object at 0x17767c4a0>,COC(CNc1nc(Nc2ccccc2)c2[nH]cnc2n1)CC1CCCCC1,s_27____21594584____10803818,380.5,4.340635412999999,8,6,3,680,0.6122448979591837,<rdkit.Chem.rdchem.Mol object at 0x3030da1f0>,<rdkit.Chem.rdchem.Mol object at 0x3150c8c80>
<rdkit.Chem.rdchem.Mol object at 0x17767c270>,c1ccc(Nc2nc(NC3COC4(CCOCC4)C3)nc3nc[nH]c23)cc1,s_27____25521160____10803818,366.4,1.6331268153333331,4,7,3,678,0.6122448979591837,<rdkit.Chem.rdchem.Mol object at 0x3030da260>,<rdkit.Chem.rdchem.Mol object at 0x3150c8cf0>
<rdkit.Chem.rdchem.Mol object at 0x17765bc30>,c1ccc(Nc2nc(NCCC3CC4(CCC4)CCO3)nc3nc[nH]c23)cc1,s_27____25522912____10803818,378.5,3.3379720589999993,6,6,3,673,0.6122448979591837,<rdkit.Chem.rdchem.Mol object at 0x3030da2d0>,<rdkit.Chem.rdchem.Mol object at 0x3150c8d60>
<rdkit.Chem.rdchem.Mol object at 0x17763a810>,CC(C)CC1CC(Nc2nc(Nc3ccccc3)c3[nH]cnc3n2)CCO1,s_27____8333290____10803818,366.5,3.4788169253333328,6,6,3,586,0.6122448979591837,<rdkit.Chem.rdchem.Mol object at 0x3030da340>,<rdkit.Chem.rdchem.Mol object at 0x3150c8dd0>
<rdkit.Chem.rdchem.Mol object at 0x17763aff0>,CCOC1(CCNc2nc(Nc3ccccc3)c3[nH]cnc3n2)CCC1,s_27____25523282____10803818,352.4,3.0506397486666668,8,6,3,593,0.6122448979591837,<rdkit.Chem.rdchem.Mol object at 0x3030da3b0>,<rdkit.Chem.rdchem.Mol object at 0x3150c8e40>
<rdkit.Chem.rdchem.Mol object at 0x17765b760>,C[C@@H](CCOC(C)(C)C)Nc1nc(Nc2ccccc2)c2[nH]cnc2n1,s_27____25526472____10803818,354.5,3.3304645509999995,8,6,3,668,0.6122448979591837,<rdkit.Chem.rdchem.Mol object at 0x3030da420>,<rdkit.Chem.rdchem.Mol object at 0x3150c8eb0>
<rdkit.Chem.rdchem.Mol object at 0x16c08e500>,COCC[C@H]1CCC[C@@H]1Nc1nc(Nc2ccccc2)c2[nH]cnc2n1,s_27____25526276____10803818,352.4,3.217636893,7,6,3,389,0.6122448979591837,<rdkit.Chem.rdchem.Mol object at 0x3030da490>,<rdkit.Chem.rdchem.Mol object at 0x3150c8f20>
<rdkit.Chem.rdchem.Mol object at 0x17765b290>,CC(C)CCO[C@H]1CC[C@H](Nc2nc(Nc3ccccc3)c3[nH]cnc3n2)CC1,s_27____12222502____10803818,394.5,4.5135422673333325,8,6,3,663,0.6122448979591837,<rdkit.Chem.rdchem.Mol object at 0x3030da500>,<rdkit.Chem.rdchem.Mol object at 0x3150c8ba0>
<rdkit.Chem.rdchem.Mol object at 0x17765aff0>,c1ccc(Nc2nc(NCC3CCC4(CCCCCC4)O3)nc3nc[nH]c23)cc1,s_27____13458816____10803818,392.5,4.433142586666666,5,6,3,660,0.6122448979591837,<rdkit.Chem.rdchem.Mol object at 0x3030da570>,<rdkit.Chem.rdchem.Mol object at 0x3150c8f90>
<rdkit.Chem.rdchem.Mol object at 0x16c08e8f0>,CCC12CCC(Nc3nc(Nc4ccccc4)c4[nH]cnc4n3)(CO1)C2,m_27____19140552____10803818,350.4,2.9406043190000006,5,6,3,393,0.6122448979591837,<rdkit.Chem.rdchem.Mol object at 0x3030da5e0>,<rdkit.Chem.rdchem.Mol object at 0x3150c9000>
<rdkit.Chem.rdchem.Mol object at 0x17765a650>,c1ccc(Nc2nc(NCCCOC3CCCCC3)nc3nc[nH]c23)cc1,s_27____131175____10803818,366.5,3.6592004103333338,8,6,3,650,0.6122448979591837,<rdkit.Chem.rdchem.Mol object at 0x3030da650>,<rdkit.Chem.rdchem.Mol object at 0x3150c9070>
<rdkit.Chem.rdchem.Mol object at 0x16c0a9bd0>,CC1(C)OCCCC1CNc1nc(Nc2ccccc2)c2[nH]cnc2n1,s_27____25523864____10803818,352.4,3.007440912999999,5,6,3,443,0.6122448979591837,<rdkit.Chem.rdchem.Mol object at 0x3030da6c0>,<rdkit.Chem.rdchem.Mol object at 0x3150c90e0>
<rdkit.Chem.rdchem.Mol object at 0x17763b610>,CC(O)(CNc1nc(Nc2ccccc2)c2[nH]cnc2n1)C1CCCCO1,s_27____16718198____10803818,368.4,2.360345067666666,6,7,4,600,0.6122448979591837,<rdkit.Chem.rdchem.Mol object at 0x3030da730>,<rdkit.Chem.rdchem.Mol object at 0x3150c9150>
<rdkit.Chem.rdchem.Mol object at 0x16c08eea0>,CC(C)CCOCCCNc1nc(Nc2ccccc2)c2[nH]cnc2n1,s_27____14244380____10803818,354.5,3.470847989666666,10,6,3,399,0.6122448979591837,<rdkit.Chem.rdchem.Mol object at 0x3030da7a0>,<rdkit.Chem.rdchem.Mol object at 0x3150c9230>
<rdkit.Chem.rdchem.Mol object at 0x17765a180>,CCOC(CNc1nc(Nc2ccccc2)c2[nH]cnc2n1)C1CCCOC1,s_27____21593556____10803818,382.5,2.679888736333333,8,7,3,645,0.6122448979591837,<rdkit.Chem.rdchem.Mol object at 0x3030da810>,<rdkit.Chem.rdchem.Mol object at 0x3150c92a0>
<rdkit.Chem.rdchem.Mol object at 0x17765a0a0>,c1ccc(Nc2nc(NCCCC3CCCCO3)nc3nc[nH]c23)cc1,s_27____8767248____10803818,352.4,3.287425751333333,7,6,3,644,0.6122448979591837,<rdkit.Chem.rdchem.Mol object at 0x3030da880>,<rdkit.Chem.rdchem.Mol object at 0x3150c9310>
<rdkit.Chem.rdchem.Mol object at 0x16c0a8f90>,CC(C)(C)O[C@H]1C[C@H](CCNc2nc(Nc3ccccc3)c3[nH]cnc3n2)C1,s_27____25543526____10803818,380.5,3.7490741456666665,8,6,3,431,0.6122448979591837,<rdkit.Chem.rdchem.Mol object at 0x3030da8f0>,<rdkit.Chem.rdchem.Mol object at 0x3150c9380>
<rdkit.Chem.rdchem.Mol object at 0x17763b7d0>,c1ccc(Nc2nc(NCC3CCCC34CCOCC4)nc3nc[nH]c23)cc1,s_27____13598224____10803818,378.5,3.281210136666666,5,6,3,602,0.6122448979591837,<rdkit.Chem.rdchem.Mol object at 0x3030da960>,<rdkit.Chem.rdchem.Mol object at 0x3150c93f0>
<rdkit.Chem.rdchem.Mol object at 0x177659fc0>,CC(C)OC1(CNc2nc(Nc3ccccc3)c3[nH]cnc3n2)CC(C)(C)C1,s_27____25521058____10803818,380.5,3.994321250666666,7,6,3,643,0.6122448979591837,<rdkit.Chem.rdchem.Mol object at 0x3030da9d0>,<rdkit.Chem.rdchem.Mol object at 0x3150c9460>
<rdkit.Chem.rdchem.Mol object at 0x177659930>,CCC(CC)C(CCNc1nc(Nc2ccccc2)c2[nH]cnc2n1)OC,s_27____7634774____10803818,368.5,4.053137454666666,10,6,3,636,0.6122448979591837,<rdkit.Chem.rdchem.Mol object at 0x3030daa40>,<rdkit.Chem.rdchem.Mol object at 0x3150c94d0>
<rdkit.Chem.rdchem.Mol object at 0x17763bae0>,CO[C@H]1[C@H](Nc2nc(Nc3ccccc3)c3[nH]cnc3n2)COC12CCC2,s_27____20349660____10803818,366.4,2.5349057433333337,5,7,3,605,0.6122448979591837,<rdkit.Chem.rdchem.Mol object at 0x3030daab0>,<rdkit.Chem.rdchem.Mol object at 0x3150c9540>
<rdkit.Chem.rdchem.Mol object at 0x177659690>,c1ccc(Nc2nc(NCC3CCC4(CCC4)OC3)nc3nc[nH]c23)cc1,s_27____25525590____10803818,364.5,3.144191135333333,5,6,3,633,0.6122448979591837,<rdkit.Chem.rdchem.Mol object at 0x3030dab20>,<rdkit.Chem.rdchem.Mol object at 0x3150c91c0>
<rdkit.Chem.rdchem.Mol object at 0x1776594d0>,c1ccc(Nc2nc(NCCCOCC3CCCC3)nc3nc[nH]c23)cc1,s_27____25524232____10803818,366.5,3.5296444819999993,9,6,3,631,0.6122448979591837,<rdkit.Chem.rdchem.Mol object at 0x3030dab90>,<rdkit.Chem.rdchem.Mol object at 0x3150c95b0>
<rdkit.Chem.rdchem.Mol object at 0x177659230>,CC(C)(C)OC1CCCC(Nc2nc(Nc3ccccc3)c3[nH]cnc3n2)C1,s_27____25530370____10803818,380.5,3.883789797999999,6,6,3,628,0.6122448979591837,<rdkit.Chem.rdchem.Mol object at 0x3030dac00>,<rdkit.Chem.rdchem.Mol object at 0x3150c9620>
<rdkit.Chem.rdchem.Mol object at 0x177659150>,CC(COCC1CCCCC1)Nc1nc(Nc2ccccc2)c2[nH]cnc2n1,s_27____13163102____10803818,380.5,4.330828432666667,8,6,3,627,0.6122448979591837,<rdkit.Chem.rdchem.Mol object at 0x3030dac70>,<rdkit.Chem.rdchem.Mol object at 0x3150c9690>
<rdkit.Chem.rdchem.Mol object at 0x17767d0e0>,COC(CNc1nc(Nc2ccccc2)c2[nH]cnc2n1)C1CCCOC1,s_27____13903878____10803818,368.4,2.323080781666667,7,7,3,693,0.6122448979591837,<rdkit.Chem.rdchem.Mol object at 0x3030dace0>,<rdkit.Chem.rdchem.Mol object at 0x3150c9700>
<rdkit.Chem.rdchem.Mol object at 0x17767d4d0>,c1ccc(Nc2nc(NC3CCOC4(CCCCC4)C3)nc3nc[nH]c23)cc1,s_27____7346342____10803818,378.5,3.5311709896666663,4,6,3,696,0.6122448979591837,<rdkit.Chem.rdchem.Mol object at 0x3030dad50>,<rdkit.Chem.rdchem.Mol object at 0x3150c9770>
<rdkit.Chem.rdchem.Mol object at 0x17761a340>,c1ccc(Nc2nc(NCC3COC4(CCC4)C3)nc3nc[nH]c23)cc1,m_27____25524420____10803818,350.4,2.699622470333334,5,6,3,516,0.6122448979591837,<rdkit.Chem.rdchem.Mol object at 0x3030dadc0>,<rdkit.Chem.rdchem.Mol object at 0x3150c9850>
<rdkit.Chem.rdchem.Mol object at 0x17767fd10>,OCCOC1(CNc2nc(Nc3ccccc3)c3[nH]cnc3n2)CCCCC1,s_27____13579120____10803818,382.5,2.8329073729999994,8,7,4,739,0.6122448979591837,<rdkit.Chem.rdchem.Mol object at 0x3030dae30>,<rdkit.Chem.rdchem.Mol object at 0x3150c98c0>
<rdkit.Chem.rdchem.Mol object at 0x16c06a420>,c1ccc(Nc2nc(NC[C@H]3C[C@H]4COC[C@@H](C3)C4)nc3nc[nH]c23)cc1,m_27____25523998____10803818,364.5,2.9795209079999996,5,6,3,323,0.6122448979591837,<rdkit.Chem.rdchem.Mol object at 0x3030daea0>,<rdkit.Chem.rdchem.Mol object at 0x3150c9930>
<rdkit.Chem.rdchem.Mol object at 0x17769d9a0>,CC(C)(C)[C@@H]1OCC[C@H]1CNc1nc(Nc2ccccc2)c2[nH]cnc2n1,s_27____25525998____10803818,366.5,3.547791651,6,6,3,768,0.6122448979591837,<rdkit.Chem.rdchem.Mol object at 0x3030daf10>,<rdkit.Chem.rdchem.Mol object at 0x3150c99a0>
<rdkit.Chem.rdchem.Mol object at 0x16c06a960>,COCC12CC(Nc3nc(Nc4ccccc4)c4[nH]cnc4n3)(CO1)C2,s_27____19885886____10803818,352.4,1.4969357899999998,6,7,3,328,0.6122448979591837,<rdkit.Chem.rdchem.Mol object at 0x3030daf80>,<rdkit.Chem.rdchem.Mol object at 0x3150c9a10>
<rdkit.Chem.rdchem.Mol object at 0x17761a7a0>,CC(C)(C)O[C@@H]1CC[C@H](Nc2nc(Nc3ccccc3)c3[nH]cnc3n2)C1,s_27____22842088____10803818,366.5,3.439221133,6,6,3,521,0.6122448979591837,<rdkit.Chem.rdchem.Mol object at 0x3030daff0>,<rdkit.Chem.rdchem.Mol object at 0x3150c9a80>
<rdkit.Chem.rdchem.Mol object at 0x16c06ae30>,CC1(C)CC(CNc2nc(Nc3ccccc3)c3[nH]cnc3n2)CC(C)(C)O1,s_27____14650434____10803818,380.5,3.663035879,5,6,3,333,0.6122448979591837,<rdkit.Chem.rdchem.Mol object at 0x3030db060>,<rdkit.Chem.rdchem.Mol object at 0x3150c9af0>
<rdkit.Chem.rdchem.Mol object at 0x17769cf20>,c1ccc(Nc2nc(NCCCC3CCOCC3)nc3nc[nH]c23)cc1,s_27____10639884____10803818,352.4,3.0799160929999996,7,6,3,757,0.6122448979591837,<rdkit.Chem.rdchem.Mol object at 0x3030db0d0>,<rdkit.Chem.rdchem.Mol object at 0x3150c9b60>
<rdkit.Chem.rdchem.Mol object at 0x17769cdd0>,O[C@@]1(CNc2nc(Nc3ccccc3)c3[nH]cnc3n2)C[C@H]2CC[C@@H]1O2,s_27____25525064____10803818,352.4,1.5071703136666668,5,7,4,756,0.6122448979591837,<rdkit.Chem.rdchem.Mol object at 0x3030db140>,<rdkit.Chem.rdchem.Mol object at 0x3150c97e0>
<rdkit.Chem.rdchem.Mol object at 0x17761aff0>,CC(C)(C)OCC(O)CNc1nc(Nc2ccccc2)c2[nH]cnc2n1,s_27____25523000____10803818,356.4,2.223594845333334,8,7,4,529,0.6122448979591837,<rdkit.Chem.rdchem.Mol object at 0x3030db1b0>,<rdkit.Chem.rdchem.Mol object at 0x3150c9bd0>
<rdkit.Chem.rdchem.Mol object at 0x17761b0d0>,c1ccc(Nc2nc(NCC3CCCC4(CCOC4)O3)nc3nc[nH]c23)cc1,s_27____14051036____10803818,380.5,2.5350984123333324,5,7,3,530,0.6122448979591837,<rdkit.Chem.rdchem.Mol object at 0x3030db220>,<rdkit.Chem.rdchem.Mol object at 0x3150c9c40>
<rdkit.Chem.rdchem.Mol object at 0x17761bd80>,OC(CCNc1nc(Nc2ccccc2)c2[nH]cnc2n1)C1CCOCC1,s_27____25522592____10803818,368.4,1.6983572899999997,7,7,4,543,0.6122448979591837,<rdkit.Chem.rdchem.Mol object at 0x3030db290>,<rdkit.Chem.rdchem.Mol object at 0x3150c9cb0>
<rdkit.Chem.rdchem.Mol object at 0x17769c580>,c1ccc(Nc2nc(NCC3CCC4(CCOCC4)CC3)nc3nc[nH]c23)cc1,s_27____25525450____10803818,392.5,3.7257788016666655,5,6,3,747,0.6122448979591837,<rdkit.Chem.rdchem.Mol object at 0x3030db300>,<rdkit.Chem.rdchem.Mol object at 0x3150c9d20>
<rdkit.Chem.rdchem.Mol object at 0x16c06b840>,COCC1(CNc2nc(Nc3ccccc3)c3[nH]cnc3n2)CCCCCC1,s_27____25809956____10803818,380.5,4.146153778333332,7,6,3,344,0.6122448979591837,<rdkit.Chem.rdchem.Mol object at 0x3030db370>,<rdkit.Chem.rdchem.Mol object at 0x3150c9d90>
<rdkit.Chem.rdchem.Mol object at 0x17769c3c0>,c1ccc(Nc2nc(NCC3COCC34CCC4)nc3nc[nH]c23)cc1,s_27____25529688____10803818,350.4,2.5895369936666666,5,6,3,745,0.6122448979591837,<rdkit.Chem.rdchem.Mol object at 0x3030db3e0>,<rdkit.Chem.rdchem.Mol object at 0x3150c9e70>
<rdkit.Chem.rdchem.Mol object at 0x17767fc30>,CC(C)(C)C1OCCCC1Nc1nc(Nc2ccccc2)c2[nH]cnc2n1,s_27____25526168____10803818,366.5,3.9476057723333335,5,6,3,738,0.6122448979591837,<rdkit.Chem.rdchem.Mol object at 0x3030db450>,<rdkit.Chem.rdchem.Mol object at 0x3150c9ee0>
<rdkit.Chem.rdchem.Mol object at 0x17767d5b0>,c1ccc(Nc2nc(NCC3CCOCC34CCCC4)nc3nc[nH]c23)cc1,s_27____14720372____10803818,378.5,3.4371175966666665,5,6,3,697,0.6122448979591837,<rdkit.Chem.rdchem.Mol object at 0x3030db4c0>,<rdkit.Chem.rdchem.Mol object at 0x3150c9f50>
<rdkit.Chem.rdchem.Mol object at 0x177638970>,c1ccc(Nc2nc(NC[C@H]3C[C@H]4O[C@@H]3[C@@H]3C[C@@H]34)nc3nc[nH]c23)cc1,s_27____15416626____10803818,348.4,2.212703246666666,5,6,3,556,0.6122448979591837,<rdkit.Chem.rdchem.Mol object at 0x3030db530>,<rdkit.Chem.rdchem.Mol object at 0x3150c9fc0>
<rdkit.Chem.rdchem.Mol object at 0x17767f7d0>,CCOC(CNc1nc(Nc2ccccc2)c2[nH]cnc2n1)C1CCOC1,s_27____17757172____10803818,368.4,2.2353200713333328,8,7,3,733,0.6122448979591837,<rdkit.Chem.rdchem.Mol object at 0x3030db5a0>,<rdkit.Chem.rdchem.Mol object at 0x3150ca030>
<rdkit.Chem.rdchem.Mol object at 0x177638ac0>,c1ccc(Nc2nc(N[C@H]3CC[C@H](OC4CCCC4)CC3)nc3nc[nH]c23)cc1,s_27____25525630____10803818,392.5,4.257326022999999,6,6,3,557,0.6122448979591837,<rdkit.Chem.rdchem.Mol object at 0x3030db610>,<rdkit.Chem.rdchem.Mol object at 0x3150ca0a0>
<rdkit.Chem.rdchem.Mol object at 0x17767f6f0>,COCC(C)(C)CCCNc1nc(Nc2ccccc2)c2[nH]cnc2n1,s_27____10210274____10803818,354.5,3.5648348909999985,9,6,3,732,0.6122448979591837,<rdkit.Chem.rdchem.Mol object at 0x3030db680>,<rdkit.Chem.rdchem.Mol object at 0x3150ca110>
<rdkit.Chem.rdchem.Mol object at 0x16c0aa500>,CC12CCC(Nc3nc(Nc4ccccc4)c4[nH]cnc4n3)(CC1)CO2,m_27____25557544____10803818,350.4,2.9354445950000008,4,6,3,452,0.6122448979591837,<rdkit.Chem.rdchem.Mol object at 0x3030db6f0>,<rdkit.Chem.rdchem.Mol object at 0x3150ca180>
<rdkit.Chem.rdchem.Mol object at 0x17767f370>,CCC(CC)C(CNc1nc(Nc2ccccc2)c2[nH]cnc2n1)OC,s_27____21595212____10803818,354.5,3.9931777156666657,9,6,3,728,0.6122448979591837,<rdkit.Chem.rdchem.Mol object at 0x3030db760>,<rdkit.Chem.rdchem.Mol object at 0x3150c9e00>
<rdkit.Chem.rdchem.Mol object at 0x177638d60>,CC1([C@@H]2C[C@H]2Nc2nc(Nc3ccccc3)c3[nH]cnc3n2)CCOCC1,s_27____25541396____10803818,364.5,2.8866015613333325,5,6,3,559,0.6122448979591837,<rdkit.Chem.rdchem.Mol object at 0x3030db7d0>,<rdkit.Chem.rdchem.Mol object at 0x3150ca1f0>
<rdkit.Chem.rdchem.Mol object at 0x17767eb20>,CC(C)(C)O[C@@H]1C[C@H](Nc2nc(Nc3ccccc3)c3[nH]cnc3n2)C1(C)C,s_27____10975362____10803818,380.5,3.893533604333333,6,6,3,720,0.6122448979591837,<rdkit.Chem.rdchem.Mol object at 0x3030db840>,<rdkit.Chem.rdchem.Mol object at 0x3150ca260>
<rdkit.Chem.rdchem.Mol object at 0x177639150>,c1ccc(Nc2nc(NCC3CCC4COCC4O3)nc3nc[nH]c23)cc1,s_27____25523534____10803818,366.4,2.211322908333334,5,7,3,563,0.6122448979591837,<rdkit.Chem.rdchem.Mol object at 0x3030db8b0>,<rdkit.Chem.rdchem.Mol object at 0x3150ca2d0>
<rdkit.Chem.rdchem.Mol object at 0x177639540>,c1ccc(Nc2nc(NCCCOC3CCCC3)nc3nc[nH]c23)cc1,s_27____2307566____10803818,352.4,3.2146317453333335,8,6,3,567,0.6122448979591837,<rdkit.Chem.rdchem.Mol object at 0x3030db920>,<rdkit.Chem.rdchem.Mol object at 0x3150ca340>
<rdkit.Chem.rdchem.Mol object at 0x17767e030>,c1ccc(Nc2nc(NCC3OC4CCC3CC4)nc3nc[nH]c23)cc1,m_27____25525608____10803818,350.4,3.1058790196666672,5,6,3,709,0.6122448979591837,<rdkit.Chem.rdchem.Mol object at 0x3030db990>,<rdkit.Chem.rdchem.Mol object at 0x3030f1f50>
<rdkit.Chem.rdchem.Mol object at 0x17763a2d0>,OCCCN1CCC(Nc2nc(Nc3ccccc3)c3[nH]cnc3n2)C1,s_27____25521530____10803818,353.4,1.183649763000001,7,7,4,580,0.6122448979591837,<rdkit.Chem.rdchem.Mol object at 0x3030dba00>,<rdkit.Chem.rdchem.Mol object at 0x3030f0820>
<rdkit.Chem.rdchem.Mol object at 0x17767d690>,COC1(CNc2nc(Nc3ccccc3)c3[nH]cnc3n2)CCC(C)CC1,s_27____9580842____10803818,366.5,3.810028481333332,6,6,3,698,0.6122448979591837,<rdkit.Chem.rdchem.Mol object at 0x3030dba70>,<rdkit.Chem.rdchem.Mol object at 0x3030f0890>
<rdkit.Chem.rdchem.Mol object at 0x17767c900>,CC(O)(CNc1nc(Nc2ccccc2)c2[nH]cnc2n1)C1CCCOC1,s_27____16718264____10803818,368.4,1.9605309463333336,6,7,4,685,0.6122448979591837,<rdkit.Chem.rdchem.Mol object at 0x3030dbae0>,<rdkit.Chem.rdchem.Mol object at 0x3030f0900>
<rdkit.Chem.rdchem.Mol object at 0x17767de70>,c1ccc(Nc2nc(NCCOCC3CCCC3)nc3nc[nH]c23)cc1,s_27____10890984____10803818,352.4,3.4696847429999997,8,6,3,707,0.6122448979591837,<rdkit.Chem.rdchem.Mol object at 0x3030dbb50>,<rdkit.Chem.rdchem.Mol object at 0x3030f0970>
<rdkit.Chem.rdchem.Mol object at 0x16c047220>,CC1(C)CCCOC1CCNc1nc(Nc2ccccc2)c2[nH]cnc2n1,s_27____15075560____10803818,366.5,3.5130367566666663,6,6,3,271,0.6122448979591837,<rdkit.Chem.rdchem.Mol object at 0x3030dbbc0>,<rdkit.Chem.rdchem.Mol object at 0x3030f09e0>
<rdkit.Chem.rdchem.Mol object at 0x30016bf40>,CCO[C@@H]1CCCCC[C@H]1Nc1nc(Nc2ccccc2)c2[nH]cnc2n1,s_27____14787706____10803818,366.5,4.015815696000001,6,6,3,1203,0.6122448979591837,<rdkit.Chem.rdchem.Mol object at 0x3030dbc30>,<rdkit.Chem.rdchem.Mol object at 0x3030f0a50>
<rdkit.Chem.rdchem.Mol object at 0x16c005a80>,CCOC1(CNc2nc(Nc3ccccc3)c3[nH]cnc3n2)CCCCC1,s_27____17762726____10803818,366.5,3.879817339666667,7,6,3,115,0.6122448979591837,<rdkit.Chem.rdchem.Mol object at 0x3030dbca0>,<rdkit.Chem.rdchem.Mol object at 0x3030f0ac0>
<rdkit.Chem.rdchem.Mol object at 0x30016a500>,CC1(OCCNc2nc(Nc3ccccc3)c3[nH]cnc3n2)CCCC1,s_27____13599068____10803818,352.4,3.435248674666667,7,6,3,1177,0.6122448979591837,<rdkit.Chem.rdchem.Mol object at 0x3030dbd10>,<rdkit.Chem.rdchem.Mol object at 0x3030f0ba0>
<rdkit.Chem.rdchem.Mol object at 0x30016a5e0>,COC1(CNc2nc(Nc3ccccc3)c3[nH]cnc3n2)CCCCCCC1,s_27____16919926____10803818,380.5,4.412146714999999,6,6,3,1178,0.6122448979591837,<rdkit.Chem.rdchem.Mol object at 0x3030dbd80>,<rdkit.Chem.rdchem.Mol object at 0x3030f0b30>
<rdkit.Chem.rdchem.Mol object at 0x30016a960>,CC1COCC(CCNc2nc(Nc3ccccc3)c3[nH]cnc3n2)O1,s_27____25523224____10803818,354.4,2.1177715216666666,6,7,3,1182,0.6122448979591837,<rdkit.Chem.rdchem.Mol object at 0x3030dbdf0>,<rdkit.Chem.rdchem.Mol object at 0x3030f0c10>
<rdkit.Chem.rdchem.Mol object at 0x16c0053f0>,O[C@H]1[C@H](Nc2nc(Nc3ccccc3)c3[nH]cnc3n2)COC12CCC2,m_27____21000918____10803818,352.4,1.8917792396666664,4,7,4,108,0.6122448979591837,<rdkit.Chem.rdchem.Mol object at 0x3030dbe60>,<rdkit.Chem.rdchem.Mol object at 0x3030f2110>
<rdkit.Chem.rdchem.Mol object at 0x30016b290>,CN1CCC(C(C)(O)CNc2nc(Nc3ccccc3)c3[nH]cnc3n2)CC1,s_27____25525338____10803818,381.5,1.9845942499999991,6,7,4,1192,0.6122448979591837,<rdkit.Chem.rdchem.Mol object at 0x3030dbed0>,<rdkit.Chem.rdchem.Mol object at 0x3030f2180>
<rdkit.Chem.rdchem.Mol object at 0x30016b530>,c1ccc(Nc2nc(N[C@H]3CC[C@@H](OC4CCCC4)C3)nc3nc[nH]c23)cc1,s_27____26263090____10803818,378.5,3.739963352,6,6,3,1194,0.6122448979591837,<rdkit.Chem.rdchem.Mol object at 0x3030dbf40>,<rdkit.Chem.rdchem.Mol object at 0x3030f21f0>
<rdkit.Chem.rdchem.Mol object at 0x30016b8b0>,CC1(C)OC2(CNc3nc(Nc4ccccc4)c4[nH]cnc4n3)CCC1CC2,s_27____20031114____10803818,378.5,3.667032356333333,5,6,3,1197,0.6122448979591837,<rdkit.Chem.rdchem.Mol object at 0x3030f0040>,<rdkit.Chem.rdchem.Mol object at 0x3030f2260>
<rdkit.Chem.rdchem.Mol object at 0x3001882e0>,CC1(C)CCC(CCNc2nc(Nc3ccccc3)c3[nH]cnc3n2)O1,s_27____25523896____10803818,352.4,3.022646108333334,6,6,3,1206,0.6122448979591837,<rdkit.Chem.rdchem.Mol object at 0x3030f00b0>,<rdkit.Chem.rdchem.Mol object at 0x3030f2490>
<rdkit.Chem.rdchem.Mol object at 0x16c005d20>,CC(CC1CCCCO1)Nc1nc(Nc2ccccc2)c2[nH]cnc2n1,m_27____25526212____10803818,352.4,3.186638105,6,6,3,118,0.6122448979591837,<rdkit.Chem.rdchem.Mol object at 0x3030f0120>,<rdkit.Chem.rdchem.Mol object at 0x3030f2500>
<rdkit.Chem.rdchem.Mol object at 0x16c004c10>,CC1CC(CCNc2nc(Nc3ccccc3)c3[nH]cnc3n2)CC(C)O1,s_27____9876646____10803818,366.5,3.468497477333333,6,6,3,100,0.6122448979591837,<rdkit.Chem.rdchem.Mol object at 0x3030f0190>,<rdkit.Chem.rdchem.Mol object at 0x3030f26c0>
<rdkit.Chem.rdchem.Mol object at 0x300188740>,COCC(C)(CNc1nc(Nc2ccccc2)c2[nH]cnc2n1)COC,s_27____25520938____10803818,356.4,2.193960367999999,9,7,3,1211,0.6122448979591837,<rdkit.Chem.rdchem.Mol object at 0x3030f0200>,<rdkit.Chem.rdchem.Mol object at 0x3030f2730>
<rdkit.Chem.rdchem.Mol object at 0x16c0047b0>,c1ccc(Nc2nc(NCC3(CC4CC4)CCOCC3)nc3nc[nH]c23)cc1,s_27____25810066____10803818,378.5,3.359163866666666,7,6,3,95,0.6122448979591837,<rdkit.Chem.rdchem.Mol object at 0x3030f0270>,<rdkit.Chem.rdchem.Mol object at 0x3030f27a0>
<rdkit.Chem.rdchem.Mol object at 0x16c0046d0>,CC(C)(CNc1nc(Nc2ccccc2)c2[nH]cnc2n1)C1CCOC1,s_27____25523762____10803818,352.4,3.0117061693333325,6,6,3,94,0.6122448979591837,<rdkit.Chem.rdchem.Mol object at 0x3030f02e0>,<rdkit.Chem.rdchem.Mol object at 0x3030f2810>
<rdkit.Chem.rdchem.Mol object at 0x300188d60>,COC(C)(CNc1nc(Nc2ccccc2)c2[nH]cnc2n1)C1CCOCC1,s_27____20762476____10803818,382.5,2.5621007229999995,7,7,3,1217,0.6122448979591837,<rdkit.Chem.rdchem.Mol object at 0x3030f0350>,<rdkit.Chem.rdchem.Mol object at 0x3030f2880>
<rdkit.Chem.rdchem.Mol object at 0x300189c40>,CC(C)(C)C(CNc1nc(Nc2ccccc2)c2[nH]cnc2n1)OCCO,s_27____15111506____10803818,370.5,2.7919392236666662,9,7,4,1233,0.6122448979591837,<rdkit.Chem.rdchem.Mol object at 0x3030f03c0>,<rdkit.Chem.rdchem.Mol object at 0x3030f28f0>
<rdkit.Chem.rdchem.Mol object at 0x300189e00>,OCCN(CC1CCCCC1)c1nc(Nc2ccccc2)c2[nH]cnc2n1,s_27____25457226____10803818,366.5,3.9063926356666663,7,6,3,1235,0.6122448979591837,<rdkit.Chem.rdchem.Mol object at 0x3030f0430>,<rdkit.Chem.rdchem.Mol object at 0x3030f22d0>
<rdkit.Chem.rdchem.Mol object at 0x16bfe7f40>,CO[C@H]1[C@H](Nc2nc(Nc3ccccc3)c3[nH]cnc3n2)COC1(C)C,m_27____18799958____10803818,354.4,2.3981555210000005,5,7,3,87,0.6122448979591837,<rdkit.Chem.rdchem.Mol object at 0x3030f04a0>,<rdkit.Chem.rdchem.Mol object at 0x3030f2960>
<rdkit.Chem.rdchem.Mol object at 0x16c005b60>,CCOC1CCC(C(C)Nc2nc(Nc3ccccc3)c3[nH]cnc3n2)CC1,m_27____25526274____10803818,380.5,3.991019872333331,7,6,3,116,0.6122448979591837,<rdkit.Chem.rdchem.Mol object at 0x3030f0510>,<rdkit.Chem.rdchem.Mol object at 0x3030f29d0>
<rdkit.Chem.rdchem.Mol object at 0x16c005fc0>,CC1(CCNc2nc(Nc3ccccc3)c3[nH]cnc3n2)CCOCC1,s_27____25523686____10803818,352.4,2.935394547999999,6,6,3,120,0.6122448979591837,<rdkit.Chem.rdchem.Mol object at 0x3030f0580>,<rdkit.Chem.rdchem.Mol object at 0x3030f2570>
<rdkit.Chem.rdchem.Mol object at 0x16c0283c0>,c1ccc(Nc2nc(NCC3CCC4COCCC4O3)nc3nc[nH]c23)cc1,s_27____25521532____10803818,380.5,2.271282647333333,5,7,3,157,0.6122448979591837,<rdkit.Chem.rdchem.Mol object at 0x3030f05f0>,<rdkit.Chem.rdchem.Mol object at 0x3030f25e0>
<rdkit.Chem.rdchem.Mol object at 0x300168900>,CCC(CC)C1CC(Nc2nc(Nc3ccccc3)c3[nH]cnc3n2)CCO1,s_27____8366568____10803818,380.5,4.001339320333332,7,6,3,1147,0.6122448979591837,<rdkit.Chem.rdchem.Mol object at 0x3030f0660>,<rdkit.Chem.rdchem.Mol object at 0x3030f07b0>
